Java 17 Masterclass: Start Coding in 2023,"
Acquire Key Java Skills: From Basics to Advanced Programming & Certification - Start Your Dev Career"," 4.6 ","Tim Buchalka, Tim Buchalka's Learn Programming Academy","135 ","716 ",All Levels,"E£1,699.99","190,472",True
Learn JAVA Programming - Beginner to Master,"
Deep Dive in Core Java programming -Standard Edition. A Practical approach to learn Java. Become a Java Expert"," 4.6 ",Abdul Bari,"5 ","333 ",All Levels,E£999.99,"16,198",False
Java Programming for Complete Beginners,"
Java Programming for Beginners to Java Object Oriented Programming. Core Java + REST API with Spring Boot. Java 8 to 16."," 4.5 ",in28Minutes Official,"41 ","482 ",Beginner,"E£1,699.99","40,505",False
The Complete Java Development Bootcamp,"
Become an Experienced Java Developer with Just One Course. Fully Updated with 100+ Coding Challenges!"," 4.6 ","Learn The Part Inc., Rayan Slim, Jad Slim, Jose Portilla","32 ","453 ",All Levels,E£999.99,"7,529",False
"Java from Zero to First Job, Practical Guide, 2000+ examples","
Java Core, TDD, Streams, Lambdas, JPA/Hibernate, SQL, Build Tools, Git, Web Servers, HTML,Servlets, JSP, Spring Boot etc"," 4.5 ","Andrii Piatakha, Learn IT University","98 ","366 ",All Levels,E£999.99,"4,812",False
Full Stack Java developer - Java + JSP + Spring Restful + JS,"
Full Stack Java - Java, JSP Servlets JSTL, Hibernate, Spring, Java Web-service/RestFul API, Spring boot, JavaScript"," 4.3 ","StudyEasy Organisation, Chand Sheikh","5 ","715 ",All Levels,"E£1,699.99","8,874",True
The Complete Java Certification Course,"
Become a confident industry ready core Java developer and get certified as a Java professional!"," 4.5 ",Job Ready Programmer,"5 ","65 ",All Levels,E£999.99,"26,134",False
Java Foundations: The Complete Course with Java 21 Updates,"
Covers Java 21 & Earlier, Streams/Lambdas, Regex, TDD/Testing, Optionals, JDBC/SQL Intro to Spring & More Using IntelliJ"," 4.7 ",Terry Martin,"90 ","269 ",Beginner,E£999.99,"1,819",False
Java for Absolute Beginners,"
A course on Java for complete beginners to computer programming, for those who want concepts explained in plain English."," 4.6 ",Nick H,"5 ","121 ",Beginner,E£999.99,"7,744",False
Java Course for Complete Beginners with Practical Examples,"
Learn Java programming through examples for absolute beginner ! Become a Java Developer and obtain core Java skills!"," 4.5 ",Sandor Szekeres,"5 ","262 ",Beginner,E£999.99,"3,807",False
"Java 21, Java 17, Java 11 and Advanced Java 8","
Master the advanced/latest topics AND get Oracle OCP Certification (1Z0-829,1Z0-819,1Z0-809)"," 4.5 ",Dr. Seán Kennedy OCP,"5 ","139 ",Intermediate,E£849.99,652,False
Java In-Depth: Become a Complete Java Engineer!,"
Comprehensive Java programming course integrated with design principles, best practices &"," 4.5 ",Dheeru Mundluru,"71 ","389 ",All Levels,"E£1,199.99","22,378",False
Java Data Structures & Algorithms + LEETCODE Exercises,"
DSA for the Cracking the Coding Interview. Animated Examples for Faster Learning and Deeper Understanding."," 4.7 ",Scott Barrett,"9 ","121 ",All Levels,E£999.99,"3,957",True
Core Java Made Easy (Covers the latest Java 17),"
Master java in quick and simple steps"," 4.5 ",Bharath Thippireddy,"28 ","554 ",All Levels,E£999.99,"14,710",False
"Java Multithreading, Concurrency & Performance Optimization","
Become an expert in Multithreading, Concurrency & Parallel programming in Java, with strong emphasis on high performance"," 4.8 ","Michael Pogrebinsky | Software Architecture, System Design, Java Expert, Top Developer Academy","5 ","40 ",All Levels,"E£1,299.99","10,042",True
Java 11 For Complete Beginners,"
Learn Modern Java From Scratch"," 4.5 ",John Purcell,"5 ","429 ",Beginner,E£999.99,"1,146",False
Modern Java - Learn Java 8 Functional Features By coding it,"
Learn Functional programming using Lambdas, Streams , new Date APIs, Optionals in Java 8 by coding it."," 4.5 ",Pragmatic Code School,"11 ","102 ",All Levels,"E£1,399.99","10,050",False
The Complete Java Developer Course -Mastering Java from zero,"
Learn Java from Zero to Hero. Become a Computer Programmer and start building complex projects. Earn Java Certification"," 4.5 ",Abbass Masri,"5 ","403 ",All Levels,E£999.99,366,False
Java Programming: Complete Beginner to Advanced,"
Become a Computer Programmer by Learning Core Java Skills"," 4.2 ","Code IT, Humanless DE","9 ","56 ",All Levels,E£849.99,"15,951",False
Java 8 New Features In Simple Way,"
Direct Class Room Videos To give Left and Right Anywhere about Lambda Expressions,Streams and More"," 4.7 ",DURGASOFT DURGA,"5 ","93 ",All Levels,"E£1,399.99","14,175",False
Java 17 Masterclass: Start Coding in 2023,"
Acquire Key Java Skills: From Basics to Advanced Programming & Certification - Start Your Dev Career"," 4.6 ","Tim Buchalka, Tim Buchalka's Learn Programming Academy","135 ","716 ",All Levels,"E£1,699.99","190,472",True
Learn JAVA Programming - Beginner to Master,"
Deep Dive in Core Java programming -Standard Edition. A Practical approach to learn Java. Become a Java Expert"," 4.6 ",Abdul Bari,"5 ","333 ",All Levels,E£999.99,"16,198",False
Java Programming for Complete Beginners,"
Java Programming for Beginners to Java Object Oriented Programming. Core Java + REST API with Spring Boot. Java 8 to 16."," 4.5 ",in28Minutes Official,"41 ","482 ",Beginner,"E£1,699.99","40,505",False
The Complete Java Development Bootcamp,"
Become an Experienced Java Developer with Just One Course. Fully Updated with 100+ Coding Challenges!"," 4.6 ","Learn The Part Inc., Rayan Slim, Jad Slim, Jose Portilla","32 ","453 ",All Levels,E£999.99,"7,529",False
"Java from Zero to First Job, Practical Guide, 2000+ examples","
Java Core, TDD, Streams, Lambdas, JPA/Hibernate, SQL, Build Tools, Git, Web Servers, HTML,Servlets, JSP, Spring Boot etc"," 4.5 ","Andrii Piatakha, Learn IT University","98 ","366 ",All Levels,E£999.99,"4,812",False
Full Stack Java developer - Java + JSP + Spring Restful + JS,"
Full Stack Java - Java, JSP Servlets JSTL, Hibernate, Spring, Java Web-service/RestFul API, Spring boot, JavaScript"," 4.3 ","StudyEasy Organisation, Chand Sheikh","5 ","715 ",All Levels,"E£1,699.99","8,874",True
The Complete Java Certification Course,"
Become a confident industry ready core Java developer and get certified as a Java professional!"," 4.5 ",Job Ready Programmer,"5 ","65 ",All Levels,E£999.99,"26,134",False
Java Foundations: The Complete Course with Java 21 Updates,"
Covers Java 21 & Earlier, Streams/Lambdas, Regex, TDD/Testing, Optionals, JDBC/SQL Intro to Spring & More Using IntelliJ"," 4.7 ",Terry Martin,"90 ","269 ",Beginner,E£999.99,"1,819",False
Java for Absolute Beginners,"
A course on Java for complete beginners to computer programming, for those who want concepts explained in plain English."," 4.6 ",Nick H,"5 ","121 ",Beginner,E£999.99,"7,744",False
Java Course for Complete Beginners with Practical Examples,"
Learn Java programming through examples for absolute beginner ! Become a Java Developer and obtain core Java skills!"," 4.5 ",Sandor Szekeres,"5 ","262 ",Beginner,E£999.99,"3,807",False
"Java 21, Java 17, Java 11 and Advanced Java 8","
Master the advanced/latest topics AND get Oracle OCP Certification (1Z0-829,1Z0-819,1Z0-809)"," 4.5 ",Dr. Seán Kennedy OCP,"5 ","139 ",Intermediate,E£849.99,652,False
Java In-Depth: Become a Complete Java Engineer!,"
Comprehensive Java programming course integrated with design principles, best practices &"," 4.5 ",Dheeru Mundluru,"71 ","389 ",All Levels,"E£1,199.99","22,378",False
Java Data Structures & Algorithms + LEETCODE Exercises,"
DSA for the Cracking the Coding Interview. Animated Examples for Faster Learning and Deeper Understanding."," 4.7 ",Scott Barrett,"9 ","121 ",All Levels,E£999.99,"3,957",True
Core Java Made Easy (Covers the latest Java 17),"
Master java in quick and simple steps"," 4.5 ",Bharath Thippireddy,"28 ","554 ",All Levels,E£999.99,"14,710",False
"Java Multithreading, Concurrency & Performance Optimization","
Become an expert in Multithreading, Concurrency & Parallel programming in Java, with strong emphasis on high performance"," 4.8 ","Michael Pogrebinsky | Software Architecture, System Design, Java Expert, Top Developer Academy","5 ","40 ",All Levels,"E£1,299.99","10,042",True
Java 11 For Complete Beginners,"
Learn Modern Java From Scratch"," 4.5 ",John Purcell,"5 ","429 ",Beginner,E£999.99,"1,146",False
Modern Java - Learn Java 8 Functional Features By coding it,"
Learn Functional programming using Lambdas, Streams , new Date APIs, Optionals in Java 8 by coding it."," 4.5 ",Pragmatic Code School,"11 ","102 ",All Levels,"E£1,399.99","10,050",False
The Complete Java Developer Course -Mastering Java from zero,"
Learn Java from Zero to Hero. Become a Computer Programmer and start building complex projects. Earn Java Certification"," 4.5 ",Abbass Masri,"5 ","403 ",All Levels,E£999.99,366,False
Java Programming: Complete Beginner to Advanced,"
Become a Computer Programmer by Learning Core Java Skills"," 4.2 ","Code IT, Humanless DE","9 ","56 ",All Levels,E£849.99,"15,951",False
Java 8 New Features In Simple Way,"
Direct Class Room Videos To give Left and Right Anywhere about Lambda Expressions,Streams and More"," 4.7 ",DURGASOFT DURGA,"5 ","93 ",All Levels,"E£1,399.99","14,175",False
Java 17 Masterclass: Start Coding in 2023,"
Acquire Key Java Skills: From Basics to Advanced Programming & Certification - Start Your Dev Career"," 4.6 ","Tim Buchalka, Tim Buchalka's Learn Programming Academy","135 ","716 ",All Levels,"E£1,699.99","190,472",True
Learn JAVA Programming - Beginner to Master,"
Deep Dive in Core Java programming -Standard Edition. A Practical approach to learn Java. Become a Java Expert"," 4.6 ",Abdul Bari,"5 ","333 ",All Levels,E£999.99,"16,198",False
Java Programming for Complete Beginners,"
Java Programming for Beginners to Java Object Oriented Programming. Core Java + REST API with Spring Boot. Java 8 to 16."," 4.5 ",in28Minutes Official,"41 ","482 ",Beginner,"E£1,699.99","40,505",False
The Complete Java Development Bootcamp,"
Become an Experienced Java Developer with Just One Course. Fully Updated with 100+ Coding Challenges!"," 4.6 ","Learn The Part Inc., Rayan Slim, Jad Slim, Jose Portilla","32 ","453 ",All Levels,E£999.99,"7,529",False
"Java from Zero to First Job, Practical Guide, 2000+ examples","
Java Core, TDD, Streams, Lambdas, JPA/Hibernate, SQL, Build Tools, Git, Web Servers, HTML,Servlets, JSP, Spring Boot etc"," 4.5 ","Andrii Piatakha, Learn IT University","98 ","366 ",All Levels,E£999.99,"4,812",False
Full Stack Java developer - Java + JSP + Spring Restful + JS,"
Full Stack Java - Java, JSP Servlets JSTL, Hibernate, Spring, Java Web-service/RestFul API, Spring boot, JavaScript"," 4.3 ","StudyEasy Organisation, Chand Sheikh","5 ","715 ",All Levels,"E£1,699.99","8,874",True
The Complete Java Certification Course,"
Become a confident industry ready core Java developer and get certified as a Java professional!"," 4.5 ",Job Ready Programmer,"5 ","65 ",All Levels,E£999.99,"26,134",False
Java Foundations: The Complete Course with Java 21 Updates,"
Covers Java 21 & Earlier, Streams/Lambdas, Regex, TDD/Testing, Optionals, JDBC/SQL Intro to Spring & More Using IntelliJ"," 4.7 ",Terry Martin,"90 ","269 ",Beginner,E£999.99,"1,819",False
Java for Absolute Beginners,"
A course on Java for complete beginners to computer programming, for those who want concepts explained in plain English."," 4.6 ",Nick H,"5 ","121 ",Beginner,E£999.99,"7,744",False
Java Course for Complete Beginners with Practical Examples,"
Learn Java programming through examples for absolute beginner ! Become a Java Developer and obtain core Java skills!"," 4.5 ",Sandor Szekeres,"5 ","262 ",Beginner,E£999.99,"3,807",False
"Java 21, Java 17, Java 11 and Advanced Java 8","
Master the advanced/latest topics AND get Oracle OCP Certification (1Z0-829,1Z0-819,1Z0-809)"," 4.5 ",Dr. Seán Kennedy OCP,"5 ","139 ",Intermediate,E£849.99,652,False
Java In-Depth: Become a Complete Java Engineer!,"
Comprehensive Java programming course integrated with design principles, best practices &"," 4.5 ",Dheeru Mundluru,"71 ","389 ",All Levels,"E£1,199.99","22,378",False
Java Data Structures & Algorithms + LEETCODE Exercises,"
DSA for the Cracking the Coding Interview. Animated Examples for Faster Learning and Deeper Understanding."," 4.7 ",Scott Barrett,"9 ","121 ",All Levels,E£999.99,"3,957",True
Core Java Made Easy (Covers the latest Java 17),"
Master java in quick and simple steps"," 4.5 ",Bharath Thippireddy,"28 ","554 ",All Levels,E£999.99,"14,710",False
"Java Multithreading, Concurrency & Performance Optimization","
Become an expert in Multithreading, Concurrency & Parallel programming in Java, with strong emphasis on high performance"," 4.8 ","Michael Pogrebinsky | Software Architecture, System Design, Java Expert, Top Developer Academy","5 ","40 ",All Levels,"E£1,299.99","10,042",True
Java 11 For Complete Beginners,"
Learn Modern Java From Scratch"," 4.5 ",John Purcell,"5 ","429 ",Beginner,E£999.99,"1,146",False
Modern Java - Learn Java 8 Functional Features By coding it,"
Learn Functional programming using Lambdas, Streams , new Date APIs, Optionals in Java 8 by coding it."," 4.5 ",Pragmatic Code School,"11 ","102 ",All Levels,"E£1,399.99","10,050",False
The Complete Java Developer Course -Mastering Java from zero,"
Learn Java from Zero to Hero. Become a Computer Programmer and start building complex projects. Earn Java Certification"," 4.5 ",Abbass Masri,"5 ","403 ",All Levels,E£999.99,366,False
Java Programming: Complete Beginner to Advanced,"
Become a Computer Programmer by Learning Core Java Skills"," 4.2 ","Code IT, Humanless DE","9 ","56 ",All Levels,E£849.99,"15,951",False
Java 8 New Features In Simple Way,"
Direct Class Room Videos To give Left and Right Anywhere about Lambda Expressions,Streams and More"," 4.7 ",DURGASOFT DURGA,"5 ","93 ",All Levels,"E£1,399.99","14,175",False
Java 17 Masterclass: Start Coding in 2023,"
Acquire Key Java Skills: From Basics to Advanced Programming & Certification - Start Your Dev Career"," 4.6 ","Tim Buchalka, Tim Buchalka's Learn Programming Academy","135 ","716 ",All Levels,"E£1,699.99","190,472",True
Learn JAVA Programming - Beginner to Master,"
Deep Dive in Core Java programming -Standard Edition. A Practical approach to learn Java. Become a Java Expert"," 4.6 ",Abdul Bari,"5 ","333 ",All Levels,E£999.99,"16,198",False
Java Programming for Complete Beginners,"
Java Programming for Beginners to Java Object Oriented Programming. Core Java + REST API with Spring Boot. Java 8 to 16."," 4.5 ",in28Minutes Official,"41 ","482 ",Beginner,"E£1,699.99","40,505",False
The Complete Java Development Bootcamp,"
Become an Experienced Java Developer with Just One Course. Fully Updated with 100+ Coding Challenges!"," 4.6 ","Learn The Part Inc., Rayan Slim, Jad Slim, Jose Portilla","32 ","453 ",All Levels,E£999.99,"7,529",False
"Java from Zero to First Job, Practical Guide, 2000+ examples","
Java Core, TDD, Streams, Lambdas, JPA/Hibernate, SQL, Build Tools, Git, Web Servers, HTML,Servlets, JSP, Spring Boot etc"," 4.5 ","Andrii Piatakha, Learn IT University","98 ","366 ",All Levels,E£999.99,"4,812",False
Full Stack Java developer - Java + JSP + Spring Restful + JS,"
Full Stack Java - Java, JSP Servlets JSTL, Hibernate, Spring, Java Web-service/RestFul API, Spring boot, JavaScript"," 4.3 ","StudyEasy Organisation, Chand Sheikh","5 ","715 ",All Levels,"E£1,699.99","8,874",True
The Complete Java Certification Course,"
Become a confident industry ready core Java developer and get certified as a Java professional!"," 4.5 ",Job Ready Programmer,"5 ","65 ",All Levels,E£999.99,"26,134",False
Java Foundations: The Complete Course with Java 21 Updates,"
Covers Java 21 & Earlier, Streams/Lambdas, Regex, TDD/Testing, Optionals, JDBC/SQL Intro to Spring & More Using IntelliJ"," 4.7 ",Terry Martin,"90 ","269 ",Beginner,E£999.99,"1,819",False
Java for Absolute Beginners,"
A course on Java for complete beginners to computer programming, for those who want concepts explained in plain English."," 4.6 ",Nick H,"5 ","121 ",Beginner,E£999.99,"7,744",False
Java Course for Complete Beginners with Practical Examples,"
Learn Java programming through examples for absolute beginner ! Become a Java Developer and obtain core Java skills!"," 4.5 ",Sandor Szekeres,"5 ","262 ",Beginner,E£999.99,"3,807",False
"Java 21, Java 17, Java 11 and Advanced Java 8","
Master the advanced/latest topics AND get Oracle OCP Certification (1Z0-829,1Z0-819,1Z0-809)"," 4.5 ",Dr. Seán Kennedy OCP,"5 ","139 ",Intermediate,E£849.99,652,False
Java In-Depth: Become a Complete Java Engineer!,"
Comprehensive Java programming course integrated with design principles, best practices &"," 4.5 ",Dheeru Mundluru,"71 ","389 ",All Levels,"E£1,199.99","22,378",False
Java Data Structures & Algorithms + LEETCODE Exercises,"
DSA for the Cracking the Coding Interview. Animated Examples for Faster Learning and Deeper Understanding."," 4.7 ",Scott Barrett,"9 ","121 ",All Levels,E£999.99,"3,957",True
Core Java Made Easy (Covers the latest Java 17),"
Master java in quick and simple steps"," 4.5 ",Bharath Thippireddy,"28 ","554 ",All Levels,E£999.99,"14,710",False
"Java Multithreading, Concurrency & Performance Optimization","
Become an expert in Multithreading, Concurrency & Parallel programming in Java, with strong emphasis on high performance"," 4.8 ","Michael Pogrebinsky | Software Architecture, System Design, Java Expert, Top Developer Academy","5 ","40 ",All Levels,"E£1,299.99","10,042",True
Java 11 For Complete Beginners,"
Learn Modern Java From Scratch"," 4.5 ",John Purcell,"5 ","429 ",Beginner,E£999.99,"1,146",False
Modern Java - Learn Java 8 Functional Features By coding it,"
Learn Functional programming using Lambdas, Streams , new Date APIs, Optionals in Java 8 by coding it."," 4.5 ",Pragmatic Code School,"11 ","102 ",All Levels,"E£1,399.99","10,050",False
The Complete Java Developer Course -Mastering Java from zero,"
Learn Java from Zero to Hero. Become a Computer Programmer and start building complex projects. Earn Java Certification"," 4.5 ",Abbass Masri,"5 ","403 ",All Levels,E£999.99,366,False
Java Programming: Complete Beginner to Advanced,"
Become a Computer Programmer by Learning Core Java Skills"," 4.2 ","Code IT, Humanless DE","9 ","56 ",All Levels,E£849.99,"15,951",False
Java 8 New Features In Simple Way,"
Direct Class Room Videos To give Left and Right Anywhere about Lambda Expressions,Streams and More"," 4.7 ",DURGASOFT DURGA,"5 ","93 ",All Levels,"E£1,399.99","14,175",False
Java 17 Masterclass: Start Coding in 2023,"
Acquire Key Java Skills: From Basics to Advanced Programming & Certification - Start Your Dev Career"," 4.6 ","Tim Buchalka, Tim Buchalka's Learn Programming Academy","135 ","716 ",All Levels,"E£1,699.99","190,472",True
Learn JAVA Programming - Beginner to Master,"
Deep Dive in Core Java programming -Standard Edition. A Practical approach to learn Java. Become a Java Expert"," 4.6 ",Abdul Bari,"5 ","333 ",All Levels,E£999.99,"16,198",False
Java Programming for Complete Beginners,"
Java Programming for Beginners to Java Object Oriented Programming. Core Java + REST API with Spring Boot. Java 8 to 16."," 4.5 ",in28Minutes Official,"41 ","482 ",Beginner,"E£1,699.99","40,505",False
The Complete Java Development Bootcamp,"
Become an Experienced Java Developer with Just One Course. Fully Updated with 100+ Coding Challenges!"," 4.6 ","Learn The Part Inc., Rayan Slim, Jad Slim, Jose Portilla","32 ","453 ",All Levels,E£999.99,"7,529",False
"Java from Zero to First Job, Practical Guide, 2000+ examples","
Java Core, TDD, Streams, Lambdas, JPA/Hibernate, SQL, Build Tools, Git, Web Servers, HTML,Servlets, JSP, Spring Boot etc"," 4.5 ","Andrii Piatakha, Learn IT University","98 ","366 ",All Levels,E£999.99,"4,812",False
Full Stack Java developer - Java + JSP + Spring Restful + JS,"
Full Stack Java - Java, JSP Servlets JSTL, Hibernate, Spring, Java Web-service/RestFul API, Spring boot, JavaScript"," 4.3 ","StudyEasy Organisation, Chand Sheikh","5 ","715 ",All Levels,"E£1,699.99","8,874",True
The Complete Java Certification Course,"
Become a confident industry ready core Java developer and get certified as a Java professional!"," 4.5 ",Job Ready Programmer,"5 ","65 ",All Levels,E£999.99,"26,134",False
Java Foundations: The Complete Course with Java 21 Updates,"
Covers Java 21 & Earlier, Streams/Lambdas, Regex, TDD/Testing, Optionals, JDBC/SQL Intro to Spring & More Using IntelliJ"," 4.7 ",Terry Martin,"90 ","269 ",Beginner,E£999.99,"1,819",False
Java for Absolute Beginners,"
A course on Java for complete beginners to computer programming, for those who want concepts explained in plain English."," 4.6 ",Nick H,"5 ","121 ",Beginner,E£999.99,"7,744",False
Java Course for Complete Beginners with Practical Examples,"
Learn Java programming through examples for absolute beginner ! Become a Java Developer and obtain core Java skills!"," 4.5 ",Sandor Szekeres,"5 ","262 ",Beginner,E£999.99,"3,807",False
"Java 21, Java 17, Java 11 and Advanced Java 8","
Master the advanced/latest topics AND get Oracle OCP Certification (1Z0-829,1Z0-819,1Z0-809)"," 4.5 ",Dr. Seán Kennedy OCP,"5 ","139 ",Intermediate,E£849.99,652,False
Java In-Depth: Become a Complete Java Engineer!,"
Comprehensive Java programming course integrated with design principles, best practices &"," 4.5 ",Dheeru Mundluru,"71 ","389 ",All Levels,"E£1,199.99","22,378",False
Java Data Structures & Algorithms + LEETCODE Exercises,"
DSA for the Cracking the Coding Interview. Animated Examples for Faster Learning and Deeper Understanding."," 4.7 ",Scott Barrett,"9 ","121 ",All Levels,E£999.99,"3,957",True
Core Java Made Easy (Covers the latest Java 17),"
Master java in quick and simple steps"," 4.5 ",Bharath Thippireddy,"28 ","554 ",All Levels,E£999.99,"14,710",False
"Java Multithreading, Concurrency & Performance Optimization","
Become an expert in Multithreading, Concurrency & Parallel programming in Java, with strong emphasis on high performance"," 4.8 ","Michael Pogrebinsky | Software Architecture, System Design, Java Expert, Top Developer Academy","5 ","40 ",All Levels,"E£1,299.99","10,042",True
Java 11 For Complete Beginners,"
Learn Modern Java From Scratch"," 4.5 ",John Purcell,"5 ","429 ",Beginner,E£999.99,"1,146",False
Modern Java - Learn Java 8 Functional Features By coding it,"
Learn Functional programming using Lambdas, Streams , new Date APIs, Optionals in Java 8 by coding it."," 4.5 ",Pragmatic Code School,"11 ","102 ",All Levels,"E£1,399.99","10,050",False
The Complete Java Developer Course -Mastering Java from zero,"
Learn Java from Zero to Hero. Become a Computer Programmer and start building complex projects. Earn Java Certification"," 4.5 ",Abbass Masri,"5 ","403 ",All Levels,E£999.99,366,False
Java Programming: Complete Beginner to Advanced,"
Become a Computer Programmer by Learning Core Java Skills"," 4.2 ","Code IT, Humanless DE","9 ","56 ",All Levels,E£849.99,"15,951",False
Java 8 New Features In Simple Way,"
Direct Class Room Videos To give Left and Right Anywhere about Lambda Expressions,Streams and More"," 4.7 ",DURGASOFT DURGA,"5 ","93 ",All Levels,"E£1,399.99","14,175",False
Complete Core Java In Simple Way,"
Direct Class Room Videos to get complete knowledge on java"," 4.7 ",DURGASOFT NAGOOR BABU,"5 ","501 ",All Levels,E£849.99,776,False
Learn Advanced Java,"
From Basic Java Skills to Advanced Multi-Tier Architecture and More"," 4.4 ",John Purcell,"5 ","171 ",Intermediate,E£999.99,427,False
Practice Java by Building Projects,"
Ultimate Java interview prep course! 100% focused on applying object-oriented design in real-world applications"," 4.3 ",Tim Short,"5 ","39 ",All Levels,E£679.99,"10,634",False
Advanced Java Topics: Java Reflection - Master Class,"
Create Powerful Java Applications, Algorithms and Libraries using Java Reflection API, Take Full Advantage of the JVM"," 4.9 ","Michael Pogrebinsky | Software Architecture, System Design, Java Expert, Top Developer Academy","5 ","37 ",All Levels,E£999.99,648,True
Learn Java Programming Crash Course,"
This Java For Beginners Course Includes Java Basics And Core Java Skills Training To Make You A Software Developer Fast"," 4.3 ","Tim Buchalka, Goran Lochert, Tim Buchalka's Learn Programming Academy","5 ","148 ",Beginner,E£349.99,"3,985",False
Java Programming - a solid foundation for new developers,"
A practical hands-on approach to learning the Java programming language. Start creating JVM projects with core Java."," 4.5 ","Matt Greencroft, Virtual Pair Programmers","5 ","109 ",Beginner,E£999.99,194,False
Java Application Performance Tuning and Memory Management,"
Discover how coding choices, benchmarking, performance tuning and memory management can optimize your Java applications"," 4.6 ","Matt Greencroft, Virtual Pair Programmers","10 ","134 ",Intermediate,E£999.99,"3,828",True
Selenium WebDriver with Java -Basics to Advanced+Frameworks,"
""TOP RATED #1 Master SELENIUM java 4 (Latest) course"" -5 Million students learning worldWide with great collaboration"," 4.6 ",Rahul Shetty,"55 ","332 ",All Levels,"E£1,699.99","109,155",True
Java and Spring Framework for Beginners with Spring Boot,"
In this course, you will learn the highly demanded frameworks of enterprise world: Spring Framework 5 with Spring Boot"," 4.6 ",Navin Reddy,"5 ","261 ",Beginner,E£999.99,"14,403",True
Learn Java Functional Programming with Lambdas & Streams,"
Learn Java Functional Programming with Lambdas & Streams. Learn the most powerful NEW feature in Java 8 and Java 9."," 4.6 ",in28Minutes Official,"5 ","45 ",All Levels,"E£1,199.99","6,850",True
[NEW] Master Spring Boot 3 & Spring Framework 6 with Java,"
Become Java Spring Boot Full Stack Cloud Developer. Learn AWS, React, Docker, Spring Data JPA & Spring Security."," 4.6 ",in28Minutes Official,"38 ","386 ",All Levels,E£999.99,"4,771",True
The Complete Java Developer Course: From Beginner to Master!,"
Master theory AND practice, and get comfortable with one of the world's most popular programming languages!"," 4.6 ","Codestars • over 2 million students worldwide!, John P. Baugh","5 ","71 ",Beginner,E£269.99,194,False
Java Design Patterns & SOLID Design Principles,"
A master guide to gang of four design patterns & SOLID design principles using Java"," 4.5 ",Coffee Powered Crew,"17 ","253 ",Intermediate,E£999.99,"4,606",False
Master Microservices with Spring Boot and Spring Cloud,"
Java Spring Boot Microservices 5-in-1 - Spring Boot, Spring Cloud, Docker, Kubernetes and REST API (REST Web Services)"," 4.6 ",in28Minutes Official,"5 ","292 ",All Levels,"E£1,699.99","48,393",True
Lambdas in Java - From Zero to Hero,"
Master Java 8 Lambda Expressions and the Stream API"," 4.6 ",Ajay Iyengar,"5 ","166 ",Intermediate,E£999.99,244,True
Java Programming - A Complete Java course to Become Java Ace,"
Go from Beginner to Java Expert in Just 7 Days! Crack your next Java Coding Interview by Mastering in Java programming"," 4.7 ",Vinoth P,"9 ","78 ",All Levels,"E£1,199.99","2,608",False
Object Oriented Programming - Basics to Advance (Java OOP),"
Learn OOP, SOLID principles with Java examples. Implement backend part for online store by the end of the course"," 4.4 ","Andrii Piatakha, Learn IT University","5 ","56 ",Intermediate,E£849.99,"1,740",False
Java Programming - The 2023 Apprentice Course,"
Learn the basics of the Java programming language using Java and the Eclipse design environment."," 4.7 ",Gregory Safko,"5 ","87 ",Beginner,E£269.99,38,False
"Introduction to Collections, Generics & Reflection in Java","
A Guide to Understand Generics, Collections Framework (Data Structures), Stream API and Reflection in Java!"," 4.6 ",Holczer Balazs,"5 ","100 ",All Levels,E£999.99,"3,101",True
Java Programming Language,"
This course is ideal for gasp complex Java topics in a simple way. It describes all new features till Java 18."," 4.8 ",Beknazar Suranchiyev,"14 ","128 ",Beginner,E£269.99,25,False
Java 17 Masterclass: Start Coding in 2023,"
Acquire Key Java Skills: From Basics to Advanced Programming & Certification - Start Your Dev Career"," 4.6 ","Tim Buchalka, Tim Buchalka's Learn Programming Academy","135 ","716 ",All Levels,"E£1,699.99","190,472",True
Learn JAVA Programming - Beginner to Master,"
Deep Dive in Core Java programming -Standard Edition. A Practical approach to learn Java. Become a Java Expert"," 4.6 ",Abdul Bari,"5 ","333 ",All Levels,E£999.99,"16,198",False
Java Programming for Complete Beginners,"
Java Programming for Beginners to Java Object Oriented Programming. Core Java + REST API with Spring Boot. Java 8 to 16."," 4.5 ",in28Minutes Official,"41 ","482 ",Beginner,"E£1,699.99","40,505",False
The Complete Java Development Bootcamp,"
Become an Experienced Java Developer with Just One Course. Fully Updated with 100+ Coding Challenges!"," 4.6 ","Learn The Part Inc., Rayan Slim, Jad Slim, Jose Portilla","32 ","453 ",All Levels,E£999.99,"7,529",False
"Java from Zero to First Job, Practical Guide, 2000+ examples","
Java Core, TDD, Streams, Lambdas, JPA/Hibernate, SQL, Build Tools, Git, Web Servers, HTML,Servlets, JSP, Spring Boot etc"," 4.5 ","Andrii Piatakha, Learn IT University","98 ","366 ",All Levels,E£999.99,"4,812",False
Full Stack Java developer - Java + JSP + Spring Restful + JS,"
Full Stack Java - Java, JSP Servlets JSTL, Hibernate, Spring, Java Web-service/RestFul API, Spring boot, JavaScript"," 4.3 ","StudyEasy Organisation, Chand Sheikh","5 ","715 ",All Levels,"E£1,699.99","8,874",True
The Complete Java Certification Course,"
Become a confident industry ready core Java developer and get certified as a Java professional!"," 4.5 ",Job Ready Programmer,"5 ","65 ",All Levels,E£999.99,"26,134",False
Java Foundations: The Complete Course with Java 21 Updates,"
Covers Java 21 & Earlier, Streams/Lambdas, Regex, TDD/Testing, Optionals, JDBC/SQL Intro to Spring & More Using IntelliJ"," 4.7 ",Terry Martin,"90 ","269 ",Beginner,E£999.99,"1,819",False
Java for Absolute Beginners,"
A course on Java for complete beginners to computer programming, for those who want concepts explained in plain English."," 4.6 ",Nick H,"5 ","121 ",Beginner,E£999.99,"7,744",False
Java Course for Complete Beginners with Practical Examples,"
Learn Java programming through examples for absolute beginner ! Become a Java Developer and obtain core Java skills!"," 4.5 ",Sandor Szekeres,"5 ","262 ",Beginner,E£999.99,"3,807",False
"Java 21, Java 17, Java 11 and Advanced Java 8","
Master the advanced/latest topics AND get Oracle OCP Certification (1Z0-829,1Z0-819,1Z0-809)"," 4.5 ",Dr. Seán Kennedy OCP,"5 ","139 ",Intermediate,E£849.99,652,False
Java In-Depth: Become a Complete Java Engineer!,"
Comprehensive Java programming course integrated with design principles, best practices &"," 4.5 ",Dheeru Mundluru,"71 ","389 ",All Levels,"E£1,199.99","22,378",False
Java Data Structures & Algorithms + LEETCODE Exercises,"
DSA for the Cracking the Coding Interview. Animated Examples for Faster Learning and Deeper Understanding."," 4.7 ",Scott Barrett,"9 ","121 ",All Levels,E£999.99,"3,957",True
Core Java Made Easy (Covers the latest Java 17),"
Master java in quick and simple steps"," 4.5 ",Bharath Thippireddy,"28 ","554 ",All Levels,E£999.99,"14,710",False
"Java Multithreading, Concurrency & Performance Optimization","
Become an expert in Multithreading, Concurrency & Parallel programming in Java, with strong emphasis on high performance"," 4.8 ","Michael Pogrebinsky | Software Architecture, System Design, Java Expert, Top Developer Academy","5 ","40 ",All Levels,"E£1,299.99","10,042",True
Java 11 For Complete Beginners,"
Learn Modern Java From Scratch"," 4.5 ",John Purcell,"5 ","429 ",Beginner,E£999.99,"1,146",False
Modern Java - Learn Java 8 Functional Features By coding it,"
Learn Functional programming using Lambdas, Streams , new Date APIs, Optionals in Java 8 by coding it."," 4.5 ",Pragmatic Code School,"11 ","102 ",All Levels,"E£1,399.99","10,050",False
The Complete Java Developer Course -Mastering Java from zero,"
Learn Java from Zero to Hero. Become a Computer Programmer and start building complex projects. Earn Java Certification"," 4.5 ",Abbass Masri,"5 ","403 ",All Levels,E£999.99,366,False
Java Programming: Complete Beginner to Advanced,"
Become a Computer Programmer by Learning Core Java Skills"," 4.2 ","Code IT, Humanless DE","9 ","56 ",All Levels,E£849.99,"15,951",False
Java 8 New Features In Simple Way,"
Direct Class Room Videos To give Left and Right Anywhere about Lambda Expressions,Streams and More"," 4.7 ",DURGASOFT DURGA,"5 ","93 ",All Levels,"E£1,399.99","14,175",False
Java 17 Masterclass: Start Coding in 2023,"
Acquire Key Java Skills: From Basics to Advanced Programming & Certification - Start Your Dev Career"," 4.6 ","Tim Buchalka, Tim Buchalka's Learn Programming Academy","135 ","716 ",All Levels,"E£1,699.99","190,472",True
Learn JAVA Programming - Beginner to Master,"
Deep Dive in Core Java programming -Standard Edition. A Practical approach to learn Java. Become a Java Expert"," 4.6 ",Abdul Bari,"5 ","333 ",All Levels,E£999.99,"16,198",False
Java Programming for Complete Beginners,"
Java Programming for Beginners to Java Object Oriented Programming. Core Java + REST API with Spring Boot. Java 8 to 16."," 4.5 ",in28Minutes Official,"41 ","482 ",Beginner,"E£1,699.99","40,505",False
The Complete Java Development Bootcamp,"
Become an Experienced Java Developer with Just One Course. Fully Updated with 100+ Coding Challenges!"," 4.6 ","Learn The Part Inc., Rayan Slim, Jad Slim, Jose Portilla","32 ","453 ",All Levels,E£999.99,"7,529",False
"Java from Zero to First Job, Practical Guide, 2000+ examples","
Java Core, TDD, Streams, Lambdas, JPA/Hibernate, SQL, Build Tools, Git, Web Servers, HTML,Servlets, JSP, Spring Boot etc"," 4.5 ","Andrii Piatakha, Learn IT University","98 ","366 ",All Levels,E£999.99,"4,812",False
Full Stack Java developer - Java + JSP + Spring Restful + JS,"
Full Stack Java - Java, JSP Servlets JSTL, Hibernate, Spring, Java Web-service/RestFul API, Spring boot, JavaScript"," 4.3 ","StudyEasy Organisation, Chand Sheikh","5 ","715 ",All Levels,"E£1,699.99","8,874",True
The Complete Java Certification Course,"
Become a confident industry ready core Java developer and get certified as a Java professional!"," 4.5 ",Job Ready Programmer,"5 ","65 ",All Levels,E£999.99,"26,134",False
Java Foundations: The Complete Course with Java 21 Updates,"
Covers Java 21 & Earlier, Streams/Lambdas, Regex, TDD/Testing, Optionals, JDBC/SQL Intro to Spring & More Using IntelliJ"," 4.7 ",Terry Martin,"90 ","269 ",Beginner,E£999.99,"1,819",False
Java for Absolute Beginners,"
A course on Java for complete beginners to computer programming, for those who want concepts explained in plain English."," 4.6 ",Nick H,"5 ","121 ",Beginner,E£999.99,"7,744",False
Java Course for Complete Beginners with Practical Examples,"
Learn Java programming through examples for absolute beginner ! Become a Java Developer and obtain core Java skills!"," 4.5 ",Sandor Szekeres,"5 ","262 ",Beginner,E£999.99,"3,807",False
"Java 21, Java 17, Java 11 and Advanced Java 8","
Master the advanced/latest topics AND get Oracle OCP Certification (1Z0-829,1Z0-819,1Z0-809)"," 4.5 ",Dr. Seán Kennedy OCP,"5 ","139 ",Intermediate,E£849.99,652,False
Java In-Depth: Become a Complete Java Engineer!,"
Comprehensive Java programming course integrated with design principles, best practices &"," 4.5 ",Dheeru Mundluru,"71 ","389 ",All Levels,"E£1,199.99","22,378",False
Java Data Structures & Algorithms + LEETCODE Exercises,"
DSA for the Cracking the Coding Interview. Animated Examples for Faster Learning and Deeper Understanding."," 4.7 ",Scott Barrett,"9 ","121 ",All Levels,E£999.99,"3,957",True
Core Java Made Easy (Covers the latest Java 17),"
Master java in quick and simple steps"," 4.5 ",Bharath Thippireddy,"28 ","554 ",All Levels,E£999.99,"14,710",False
"Java Multithreading, Concurrency & Performance Optimization","
Become an expert in Multithreading, Concurrency & Parallel programming in Java, with strong emphasis on high performance"," 4.8 ","Michael Pogrebinsky | Software Architecture, System Design, Java Expert, Top Developer Academy","5 ","40 ",All Levels,"E£1,299.99","10,042",True
Java 11 For Complete Beginners,"
Learn Modern Java From Scratch"," 4.5 ",John Purcell,"5 ","429 ",Beginner,E£999.99,"1,146",False
Modern Java - Learn Java 8 Functional Features By coding it,"
Learn Functional programming using Lambdas, Streams , new Date APIs, Optionals in Java 8 by coding it."," 4.5 ",Pragmatic Code School,"11 ","102 ",All Levels,"E£1,399.99","10,050",False
The Complete Java Developer Course -Mastering Java from zero,"
Learn Java from Zero to Hero. Become a Computer Programmer and start building complex projects. Earn Java Certification"," 4.5 ",Abbass Masri,"5 ","403 ",All Levels,E£999.99,366,False
Java Programming: Complete Beginner to Advanced,"
Become a Computer Programmer by Learning Core Java Skills"," 4.2 ","Code IT, Humanless DE","9 ","56 ",All Levels,E£849.99,"15,951",False
Java 8 New Features In Simple Way,"
Direct Class Room Videos To give Left and Right Anywhere about Lambda Expressions,Streams and More"," 4.7 ",DURGASOFT DURGA,"5 ","93 ",All Levels,"E£1,399.99","14,175",False
Complete Core Java In Simple Way,"
Direct Class Room Videos to get complete knowledge on java"," 4.7 ",DURGASOFT NAGOOR BABU,"5 ","501 ",All Levels,E£849.99,776,False
Learn Advanced Java,"
From Basic Java Skills to Advanced Multi-Tier Architecture and More"," 4.4 ",John Purcell,"5 ","171 ",Intermediate,E£999.99,427,False
Practice Java by Building Projects,"
Ultimate Java interview prep course! 100% focused on applying object-oriented design in real-world applications"," 4.3 ",Tim Short,"5 ","39 ",All Levels,E£679.99,"10,634",False
Advanced Java Topics: Java Reflection - Master Class,"
Create Powerful Java Applications, Algorithms and Libraries using Java Reflection API, Take Full Advantage of the JVM"," 4.9 ","Michael Pogrebinsky | Software Architecture, System Design, Java Expert, Top Developer Academy","5 ","37 ",All Levels,E£999.99,648,True
Learn Java Programming Crash Course,"
This Java For Beginners Course Includes Java Basics And Core Java Skills Training To Make You A Software Developer Fast"," 4.3 ","Tim Buchalka, Goran Lochert, Tim Buchalka's Learn Programming Academy","5 ","148 ",Beginner,E£349.99,"3,985",False
Java Programming - a solid foundation for new developers,"
A practical hands-on approach to learning the Java programming language. Start creating JVM projects with core Java."," 4.5 ","Matt Greencroft, Virtual Pair Programmers","5 ","109 ",Beginner,E£999.99,194,False
Java Application Performance Tuning and Memory Management,"
Discover how coding choices, benchmarking, performance tuning and memory management can optimize your Java applications"," 4.6 ","Matt Greencroft, Virtual Pair Programmers","10 ","134 ",Intermediate,E£999.99,"3,828",True
Selenium WebDriver with Java -Basics to Advanced+Frameworks,"
""TOP RATED #1 Master SELENIUM java 4 (Latest) course"" -5 Million students learning worldWide with great collaboration"," 4.6 ",Rahul Shetty,"55 ","332 ",All Levels,"E£1,699.99","109,155",True
Java and Spring Framework for Beginners with Spring Boot,"
In this course, you will learn the highly demanded frameworks of enterprise world: Spring Framework 5 with Spring Boot"," 4.6 ",Navin Reddy,"5 ","261 ",Beginner,E£999.99,"14,403",True
Learn Java Functional Programming with Lambdas & Streams,"
Learn Java Functional Programming with Lambdas & Streams. Learn the most powerful NEW feature in Java 8 and Java 9."," 4.6 ",in28Minutes Official,"5 ","45 ",All Levels,"E£1,199.99","6,850",True
[NEW] Master Spring Boot 3 & Spring Framework 6 with Java,"
Become Java Spring Boot Full Stack Cloud Developer. Learn AWS, React, Docker, Spring Data JPA & Spring Security."," 4.6 ",in28Minutes Official,"38 ","386 ",All Levels,E£999.99,"4,771",True
The Complete Java Developer Course: From Beginner to Master!,"
Master theory AND practice, and get comfortable with one of the world's most popular programming languages!"," 4.6 ","Codestars • over 2 million students worldwide!, John P. Baugh","5 ","71 ",Beginner,E£269.99,194,False
Java Design Patterns & SOLID Design Principles,"
A master guide to gang of four design patterns & SOLID design principles using Java"," 4.5 ",Coffee Powered Crew,"17 ","253 ",Intermediate,E£999.99,"4,606",False
Master Microservices with Spring Boot and Spring Cloud,"
Java Spring Boot Microservices 5-in-1 - Spring Boot, Spring Cloud, Docker, Kubernetes and REST API (REST Web Services)"," 4.6 ",in28Minutes Official,"5 ","292 ",All Levels,"E£1,699.99","48,393",True
Lambdas in Java - From Zero to Hero,"
Master Java 8 Lambda Expressions and the Stream API"," 4.6 ",Ajay Iyengar,"5 ","166 ",Intermediate,E£999.99,244,True
Java Programming - A Complete Java course to Become Java Ace,"
Go from Beginner to Java Expert in Just 7 Days! Crack your next Java Coding Interview by Mastering in Java programming"," 4.7 ",Vinoth P,"9 ","78 ",All Levels,"E£1,199.99","2,608",False
Object Oriented Programming - Basics to Advance (Java OOP),"
Learn OOP, SOLID principles with Java examples. Implement backend part for online store by the end of the course"," 4.4 ","Andrii Piatakha, Learn IT University","5 ","56 ",Intermediate,E£849.99,"1,740",False
Java Programming - The 2023 Apprentice Course,"
Learn the basics of the Java programming language using Java and the Eclipse design environment."," 4.7 ",Gregory Safko,"5 ","87 ",Beginner,E£269.99,38,False
"Introduction to Collections, Generics & Reflection in Java","
A Guide to Understand Generics, Collections Framework (Data Structures), Stream API and Reflection in Java!"," 4.6 ",Holczer Balazs,"5 ","100 ",All Levels,E£999.99,"3,101",True
Java Programming Language,"
This course is ideal for gasp complex Java topics in a simple way. It describes all new features till Java 18."," 4.8 ",Beknazar Suranchiyev,"14 ","128 ",Beginner,E£269.99,25,False
Java 21 Virtual Threads and Structured Concurrency,"
Java 21 Virtual Threads, Multithreading, Structured Concurrency, Scoped Values, Continuations and use with Spring Boot"," 4.8 ",Viraj Shetty,"5 ","86 ",All Levels,E£319.99,67,False
Java Programming For Beginners | Core Java Using IntelliJ,"
Learn Java Programming, Object Oriented Programming (oop java), IntelliJ for Complete Beginners by doing using Java 17"," 4.5 ","Faisal Memon, EmbarkX Official","5 ","210 ",Intermediate,E£999.99,"2,630",False
45 Real World Java Development Projects Bootcamp Course 2023,"
Java Programming Course: Learn Development Of JAVA Projects Using JSP,JDBC, Servlets, Swing, Spring Boot,Maven,Hibernate"," 3.6 ",Engineering Org In,"5 ","397 ",All Levels,E£779.99,335,False
Core Java for Automation Testers- Coding made Easy,"
A step by step Practical tutorial to master in JAVA with tons of Programming examples and Interview Questions"," 4.5 ",Rahul Shetty,"10 ","78 ",All Levels,E£849.99,"6,553",False
Apache Kafka Series - Learn Apache Kafka for Beginners v3,"
START HERE: Learn Apache Kafka 3.0 Ecosystem, Core Concepts, Real World Java Producers/Consumers & Big Data Architecture"," 4.6 ","Stephane Maarek | AWS Certified Cloud Practitioner,Solutions Architect,Developer, Conduktor Kafkademy","5 ","121 ",All Levels,E£999.99,"41,664",True
"Concurrency, Multithreading and Parallel Computing in Java","
Multithreading and Concurrent Programming, Parallel Computation and MapReduce in Java + Fork-Join and Stream API"," 4.7 ",Holczer Balazs,"5 ","110 ",All Levels,E£999.99,"3,032",True
Java Basics for Beginners: Learn Coding with Java,"
Learn Java Basics with Real Coding Examples. Become a Java Programmer From Complete Beginner"," 4.5 ",Victor Gorinov,"2 ","16 ",Beginner,E£269.99,"1,111",False
Data Structures and Algorithms: Deep Dive Using Java,"
Learn about Arrays, Linked Lists, Trees, Hashtables, Stacks, Queues, Heaps, Sort algorithms and Search algorithms"," 4.5 ","Tim Buchalka, Goran Lochert, Tim Buchalka's Learn Programming Academy","16 ","116 ",Intermediate,"E£1,199.99","14,917",False
Software Architecture & Design of Modern Large Scale Systems,"
Become a Software Architect or Technical Lead by Mastering Software Architecture, System Design & Big Data Processing."," 4.7 ","Michael Pogrebinsky | Software Architecture, System Design, Java Expert, Top Developer Academy","7 ","45 ",All Levels,E£999.99,"5,060",True
Java for Beginners,"
Learn Java Programming language"," 4.6 ",Navin Reddy,"5 ","118 ",Beginner,E£849.99,759,False
Apache Maven: Beginner to Guru,"
Master Apache Maven to Build and Deploy Your Java and Spring Boot Applications"," 4.3 ","John Thompson • 500,000+ Enrollments Worldwide, Spring Ahead Code Academy","17 ","198 ",All Levels,E£999.99,"3,530",True
Master Java Web Services and REST API with Spring Boot,"
Build Java Web Services & REST API - RESTful & SOAP - with Spring & Spring Boot. Learn REST API & SOAP Web Services Now!"," 4.5 ",in28Minutes Official,"5 ","149 ",All Levels,"E£1,199.99","14,297",False
"Java New Features (Java 12, Java 11, Java 10, Java9 & Java8)","
Java New Features Introduced In Java12, Java11, Java10, Java 9, Java 8, Java 7 (Lambda, Streams, JPMS, Jlink, Joda etc)"," 4.0 ",Java Fast Forward JFF,"5 ","79 ",Beginner,E£819.99,885,False
Full Stack: Angular and Java Spring Boot E-Commerce Website,"
Build a Full Stack E-Commerce website with Angular and Java Spring Boot (includes Stripe Credit Card Payments)"," 4.6 ","Chad Darby, Harinath Kuntamukkala","26 ","325 ",Intermediate,"E£1,699.99","9,217",False
Java Programming Masterclass: Learn Java From Scratch,"
Java Programming For Beginners, Learn Java From Scratch, Become A Java Developer Learning Java Right From The Basics."," 4.4 ",Ashutosh Pawar,"5 ","162 ",Beginner,E£999.99,"1,175",False
Learn Spring Boot 3 in 100 Steps - No 1 Java Framework,"
Java Spring Boot Framework in 100 steps - Build a REST API and a Web application with Java, JPA, SpringBoot and Maven"," 4.5 ",in28Minutes Official,"5 ","173 ",All Levels,E£999.99,"14,666",False
Java in 3 Hours: Java Programming Tutorial for Beginners,"
Learn Java in 3 Hours. Java Made Easy. No Previous Experience Required. Ultimate Guide to Java. Master Java Programming."," 4.8 ",Ajay Warrier,"5 ","31 ",Beginner,E£319.99,182,False
Design Patterns in Java,"
Discover the modern implementation of design patterns in Java"," 4.3 ",Dmitri Nesteruk,"5 ","123 ",Intermediate,E£849.99,"8,128",False
Develop Minecraft Plugins (Java),"
High-quality tutorials providing you with the most sustainable practices available to make Minecraft plugins."," 4.8 ",Stephen King,"5 ","134 ",All Levels,E£999.99,"3,664",True
Java Swing (GUI) Programming: From Beginner to Expert,"
Learn how to create desktop and Internet GUI Java programs and take your Java programming to the next level."," 4.5 ",John Purcell,"14 ","93 ",All Levels,"E£1,399.99","2,675",True
