Course Name,Description,Rate,Instructor,Price,Total Hours,lectures,Level,Number Of Rated Users,Status,Original Price,Price Value,Price Currency
Java 17 Masterclass: Start Coding in 2023,Acquire Key Java Skills: From Basics to Advanced Programming & Certification - Start Your Dev Career,4.6,"Instructors:
Tim Buchalka, Tim Buchalka's Learn Programming Academy","E£1,299.99",135.5,719,All Levels,,Bestseller,"E£1,699.99","1,299.99",E£
Learn JAVA Programming - Beginner to Master,Deep Dive in Core Java programming -Standard Edition. A Practical approach to learn Java. Become a Java Expert,4.6,"Instructor:
Abdul Bari",E£219.99,61.5,333,All Levels,,,"E£1,199.99",219.99,E£
Java Programming for Complete Beginners,Java Programming for Beginners to Java Object Oriented Programming. Core Java + REST API with Spring Boot. Java 8 to 16.,4.5,"Instructor:
in28Minutes Official",E£319.99,41,482,Beginner,,,"E£1,599.99",319.99,E£
The Complete Java Development Bootcamp,Become an Experienced Java Developer with Just One Course. Fully Updated with 100+ Coding Challenges!,4.6,"Instructors:
Learn The Part Inc., Rayan Slim, Jad Slim, Jose Portilla",E£749.99,32,453,All Levels,,,E£999.99,749.99,E£
"Java from Zero to First Job, Practical Guide, 2000+ examples","Java Core, TDD, Streams, Lambdas, JPA/Hibernate, SQL, Build Tools, Git, Web Servers, HTML,Servlets, JSP, Spring Boot etc",4.4,"Instructors:
Andrii Piatakha, Learn IT University",E£219.99,98.5,366,All Levels,,,"E£1,199.99",219.99,E£
Full Stack Java developer - Java + JSP + Spring Restful + JS,"Full Stack Java - Java, JSP Servlets JSTL, Hibernate, Spring, Java Web-service/RestFul API, Spring boot, JavaScript",4.3,"Instructors:
StudyEasy Organisation, Chand Sheikh",E£319.99,80.5,715,All Levels,,Bestseller,"E£1,699.99",319.99,E£
The Complete Java Certification Course,Become a confident industry ready core Java developer and get certified as a Java professional!,4.5,"Instructor:
Job Ready Programmer",E£749.99,17.5,65,All Levels,,,E£999.99,749.99,E£
Java for Absolute Beginners,"A course on Java for complete beginners to computer programming, for those who want concepts explained in plain English.",4.6,"Instructor:
Nick H",E£199.99,8.5,121,Beginner,,,E£999.99,199.99,E£
Java Foundations: The Complete Course with Java 21 Updates,"Covers Java 21 & Earlier, Streams/Lambdas, Regex, TDD/Testing, Optionals, JDBC/SQL Intro to Spring & More Using IntelliJ",4.7,"Instructor:
Terry Martin",E£749.99,90,269,Beginner,,,E£999.99,749.99,E£
Java Course for Complete Beginners with Practical Examples,Learn Java programming through examples for absolute beginner ! Become a Java Developer and obtain core Java skills!,4.5,"Instructor:
Sandor Szekeres",E£199.99,28.5,262,Beginner,,,E£999.99,199.99,E£
"Java 21, Java 17, Java 11 and Advanced Java 8","Master the advanced/latest topics AND get Oracle OCP Certification (1Z0-829,1Z0-819,1Z0-809)",4.5,"Instructor:
Dr. Seán Kennedy OCP",E£749.99,16.5,139,Intermediate,,,E£999.99,749.99,E£
Java Data Structures & Algorithms + LEETCODE Exercises,DSA for the Cracking the Coding Interview. Animated Examples for Faster Learning and Deeper Understanding.,4.7,"Instructor:
Scott Barrett",E£749.99,9,121,All Levels,,Bestseller,E£999.99,749.99,E£
Core Java Made Easy (Covers the latest Java 17),Master java in quick and simple steps,4.5,"Instructor:
Bharath Thippireddy",E£749.99,28,554,All Levels,,,E£999.99,749.99,E£
Java In-Depth: Become a Complete Java Engineer!,"Comprehensive Java programming course integrated with design principles, best practices &",4.5,"Instructor:
Dheeru Mundluru",E£749.99,71,389,All Levels,,,E£999.99,749.99,E£
Java 11 For Complete Beginners,Learn Modern Java From Scratch,4.5,"Instructor:
John Purcell",E£199.99,48.5,429,Beginner,,,E£999.99,199.99,E£
"Java Multithreading, Concurrency & Performance Optimization","Become an expert in Multithreading, Concurrency & Parallel programming in Java, with strong emphasis on high performance",4.7,"Instructors:
Michael Pogrebinsky | Software Architecture, System Design, Java Expert, Top Developer Academy",E£219.99,5.5,40,All Levels,,Bestseller,"E£1,199.99",219.99,E£
Practice Java by Building Projects,Ultimate Java interview prep course! 100% focused on applying object-oriented design in real-world applications,4.4,"Instructor:
Tim Short",E£219.99,3.5,39,All Levels,,,E£619.99,219.99,E£
Modern Java - Learn Java 8 Functional Features By coding it,"Learn Functional programming using Lambdas, Streams , new Date APIs, Optionals in Java 8 by coding it.",4.5,"Instructor:
Pragmatic Code School",E£229.99,11,102,All Levels,,new,"E£1,199.99",229.99,E£
The Complete Java Developer Course: From Beginner to Master!,"Master theory AND practice, and get comfortable with one of the world's most popular programming languages!",4.6,"Instructors:
Codestars • over 2 million students worldwide!, John P. Baugh",E£199.99,10.5,71,Beginner,,,E£269.99,199.99,E£
Java Programming - a solid foundation for new developers,A practical hands-on approach to learning the Java programming language. Start creating JVM projects with core Java.,4.5,"Instructors:
Matt Greencroft, Virtual Pair Programmers",E£749.99,14.5,109,Beginner,,new,E£999.99,749.99,E£
The Complete Java Developer Course -Mastering Java from zero,Learn Java from Zero to Hero. Become a Computer Programmer and start building complex projects. Earn Java Certification,4.5,"Instructor:
Abbass Masri",E£199.99,59.5,403,All Levels,,,E£999.99,199.99,E£
Java Programming: Complete Beginner to Advanced,Become a Computer Programmer by Learning Core Java Skills,4.2,"Instructors:
Code IT, Humanless DE",E£199.99,9,56,All Levels,,,E£849.99,199.99,E£
Learn Advanced Java,From Basic Java Skills to Advanced Multi-Tier Architecture and More,4.4,"Instructor:
John Purcell",E£219.99,19.5,171,Intermediate,,,E£999.99,219.99,E£
Java and Spring Framework for Beginners with Spring Boot,"In this course, you will learn the highly demanded frameworks of enterprise world: Spring Framework 5 with Spring Boot",4.6,"Instructor:
Navin Reddy",E£749.99,32.5,261,Beginner,,Bestseller,E£999.99,749.99,E£
Java Application Performance Tuning and Memory Management,"Discover how coding choices, benchmarking, performance tuning and memory management can optimize your Java applications",4.6,"Instructors:
Matt Greencroft, Virtual Pair Programmers",E£849.99,10,134,Intermediate,,Bestseller,"E£1,199.99",849.99,E£
Complete Core Java In Simple Way,Direct Class Room Videos to get complete knowledge on java,4.7,"Instructor:
DURGASOFT NAGOOR BABU",E£629.99,100.5,501,All Levels,,,E£849.99,629.99,E£
Advanced Java Topics: Java Reflection - Master Class,"Create Powerful Java Applications, Algorithms and Libraries using Java Reflection API, Take Full Advantage of the JVM",4.9,"Instructors:
Michael Pogrebinsky | Software Architecture, System Design, Java Expert, Top Developer Academy",E£199.99,5,37,All Levels,,Bestseller,E£999.99,199.99,E£
Lambdas in Java - From Zero to Hero,Master Java 8 Lambda Expressions and the Stream API,4.6,"Instructor:
Ajay Iyengar",E£199.99,18.5,166,Intermediate,,Bestseller,E£999.99,199.99,E£
Selenium WebDriver with Java -Basics to Advanced+Frameworks,"""TOP RATED #1 Master SELENIUM java 4 (Latest) course"" -5 Million students learning worldWide with great collaboration",4.6,"Instructor:
Rahul Shetty",E£319.99,55,332,All Levels,,Bestseller,"E£1,699.99",319.99,E£
Java 8 New Features In Simple Way,"Direct Class Room Videos To give Left and Right Anywhere about Lambda Expressions,Streams and More",4.7,"Instructor:
DURGASOFT DURGA",E£269.99,20.5,93,All Levels,,New,"E£1,199.99",269.99,E£
Java Programming - The 2023 Apprentice Course,Learn the basics of the Java programming language using Java and the Eclipse design environment.,4.7,"Instructor:
Gregory Safko",E£199.99,8.5,87,Beginner,,,E£269.99,199.99,E£
Java Programming Language,This course is ideal for gasp complex Java topics in a simple way. It describes all new features till Java 18.,4.8,"Instructor:
Beknazar Suranchiyev",E£199.99,14,128,Beginner,,new,E£269.99,199.99,E£
Java Design Patterns & SOLID Design Principles,A master guide to gang of four design patterns & SOLID design principles using Java,4.5,"Instructor:
Coffee Powered Crew",E£229.99,17,253,Intermediate,,,"E£1,299.99",229.99,E£
Learn Java Programming Crash Course,This Java For Beginners Course Includes Java Basics And Core Java Skills Training To Make You A Software Developer Fast,4.4,"Instructors:
Tim Buchalka, Goran Lochert, Tim Buchalka's Learn Programming Academy",E£269.99,12.5,148,Beginner,,,E£349.99,269.99,E£
Java Programming - A Complete Java course to Become Java Ace,Go from Beginner to Java Expert in Just 7 Days! Crack your next Java Coding Interview by Mastering in Java programming,4.7,"Instructor:
Vinoth P",E£749.99,9,78,All Levels,,,E£999.99,749.99,E£
Java Programming For Beginners | Core Java Using IntelliJ,"Learn Java Programming, Object Oriented Programming (oop java), IntelliJ for Complete Beginners by doing using Java 17",4.5,"Instructors:
Faisal Memon, EmbarkX Official",E£749.99,26.5,210,Intermediate,,,E£999.99,749.99,E£
Learn Java Functional Programming with Lambdas & Streams,Learn Java Functional Programming with Lambdas & Streams. Learn the most powerful NEW feature in Java 8 and Java 9.,4.6,"Instructor:
in28Minutes Official",E£749.99,4.5,45,All Levels,,NEW,E£999.99,749.99,E£
Master Microservices with Spring Boot and Spring Cloud,"Java Spring Boot Microservices 5-in-1 - Spring Boot, Spring Cloud, Docker, Kubernetes and REST API (REST Web Services)",4.6,"Instructor:
in28Minutes Official",E£319.99,24.5,292,All Levels,,Bestseller,"E£1,599.99",319.99,E£
[NEW] Master Spring Boot 3 & Spring Framework 6 with Java,"Become Java Spring Boot Full Stack Cloud Developer. Learn AWS, React, Docker, Spring Data JPA & Spring Security.",4.6,"Instructor:
in28Minutes Official",E£749.99,38,386,All Levels,,NEW,E£999.99,749.99,E£
Apache Kafka Series - Learn Apache Kafka for Beginners v3,"START HERE: Learn Apache Kafka 3.0 Ecosystem, Core Concepts, Real World Java Producers/Consumers & Big Data Architecture",4.7,"Instructors:
Stephane Maarek | AWS Certified Cloud Practitioner,Solutions Architect,Developer, Conduktor Kafkademy",E£219.99,8.5,121,All Levels,,Bestseller,"E£1,199.99",219.99,E£
Java Web Development Under The Hood,"What Java professionals need to know about servlets, sessions, cookies, JSP, JSTL, Ajax and websockets",4.9,"Instructors:
Matt Greencroft, Virtual Pair Programmers",E£199.99,8,86,Intermediate,,,E£749.99,199.99,E£
"Introduction to Collections, Generics & Reflection in Java","A Guide to Understand Generics, Collections Framework (Data Structures), Stream API and Reflection in Java!",4.5,"Instructor:
Holczer Balazs",E£749.99,9.5,100,All Levels,,Bestseller,E£999.99,749.99,E£
Master The Java Programming Language,A step by step guide to master the Java programming language from ground up.,4.9,"Instructor:
Sagar Uppuluri",E£199.99,19,171,All Levels,,,E£269.99,199.99,E£
Apache Maven: Beginner to Guru,Master Apache Maven to Build and Deploy Your Java and Spring Boot Applications,4.3,"Instructors:
John Thompson • 500,000+ Enrollments Worldwide, Spring Ahead Code Academy",E£199.99,17,198,All Levels,,Bestseller,E£999.99,199.99,E£
Java for Beginners: Your Quick Guide to Java Programming,You can learn Java Programming Quickly & Easily with this Java for Beginners Course. Start Your Java Career Here!,4.5,"Instructors:
Video School, Matt Speake, Phil Ebiner",E£269.99,6.5,147,Beginner,,,E£349.99,269.99,E£
Java Programming Masterclass: Learn Java From Scratch,"Java Programming For Beginners, Learn Java From Scratch, Become A Java Developer Learning Java Right From The Basics.",4.3,"Instructor:
Ashutosh Pawar",E£199.99,16.5,162,Beginner,,,E£999.99,199.99,E£
Java Basics for Beginners: Learn Coding with Java,Learn Java Basics with Real Coding Examples. Become a Java Programmer From Complete Beginner,4.5,"Instructor:
Victor Gorinov",E£199.99,2,16,Beginner,,,E£269.99,199.99,E£
Java 21 Virtual Threads and Structured Concurrency,"Java 21 Virtual Threads, Multithreading, Structured Concurrency, Scoped Values, Continuations and use with Spring Boot",4.8,"Instructor:
Viraj Shetty",E£199.99,9.5,86,All Levels,,,E£269.99,199.99,E£
Data Structures and Algorithms: Deep Dive Using Java,"Learn about Arrays, Linked Lists, Trees, Hashtables, Stacks, Queues, Heaps, Sort algorithms and Search algorithms",4.6,"Instructors:
Tim Buchalka, Goran Lochert, Tim Buchalka's Learn Programming Academy",E£199.99,16,116,Intermediate,,,E£999.99,199.99,E£
Core Java for Automation Testers- Coding made Easy,A step by step Practical tutorial to master in JAVA with tons of Programming examples and Interview Questions,4.6,"Instructor:
Rahul Shetty",E£629.99,10,78,All Levels,,,E£849.99,629.99,E£
"Concurrency, Multithreading and Parallel Computing in Java","Multithreading and Concurrent Programming, Parallel Computation and MapReduce in Java + Fork-Join and Stream API",4.8,"Instructor:
Holczer Balazs",E£199.99,10.5,110,All Levels,,Bestseller,E£999.99,199.99,E£
Core Java Deep Dive with Practical Examples[Highest Rated],"Deep Dive - Java Object Oriented Programming,Inheritance,Exceptions,Multithreading,Collections,IO,Network,Regex, Servlet",4.2,"Instructor:
Suresh Kumar Reddy",E£199.99,35.5,195,Intermediate,,Highest Rated,E£269.99,199.99,E£
Java in 3 Hours: Java Programming Tutorial for Beginners,Learn Java in 3 Hours. Java Made Easy. No Previous Experience Required. Ultimate Guide to Java. Master Java Programming.,4.8,"Instructor:
Ajay Warrier",E£229.99,2.5,31,Beginner,,,E£319.99,229.99,E£
Java for Beginners,Learn Java Programming language,4.6,"Instructor:
Navin Reddy",E£629.99,14.5,118,Beginner,,,E£849.99,629.99,E£
45 Real World Java Development Projects Bootcamp Course 2023,"Java Programming Course: Learn Development Of JAVA Projects Using JSP,JDBC, Servlets, Swing, Spring Boot,Maven,Hibernate",3.6,"Instructor:
Engineering Org In",E£579.99,75.5,397,All Levels,,,E£779.99,579.99,E£
Learn Spring Boot 3 in 100 Steps - No 1 Java Framework,"Java Spring Boot Framework in 100 steps - Build a REST API and a Web application with Java, JPA, SpringBoot and Maven",4.5,"Instructor:
in28Minutes Official",E£199.99,16.5,173,All Levels,,,E£999.99,199.99,E£
Full Stack: Angular and Java Spring Boot E-Commerce Website,Build a Full Stack E-Commerce website with Angular and Java Spring Boot (includes Stripe Credit Card Payments),4.6,"Instructors:
Chad Darby, Harinath Kuntamukkala",E£269.99,26,325,Intermediate,,,"E£1,599.99",269.99,E£
Design Patterns in Java,Discover the modern implementation of design patterns in Java,4.3,"Instructor:
Dmitri Nesteruk",E£199.99,10.5,123,Intermediate,,,E£849.99,199.99,E£
Building Real-Time REST APIs with Spring Boot - Blog App,"Building REST API’s using Spring Boot, Spring Security 6, JWT, Spring Data JPA, Hibernate, MySQL, Docker & Deploy on AWS",4.5,"Instructor:
Ramesh Fadatare (Java Guides)",E£749.99,33.5,320,Intermediate,,Bestseller,E£999.99,749.99,E£
Java Data Structures and Algorithms Masterclass,100+ DSA Interview Questions for Cracking FAANG with Animated Examples for Deeper Understanding and Faster Learning,4.5,"Instructor:
Elshad Karimov","E£1,299.99",46.5,433,All Levels,,,"E£1,699.99","1,299.99",E£
[NEW] Building Microservices with Spring Boot & Spring Cloud,"Learn to Build Microservices using Spring Boot 3, Spring Cloud, React, Kafka, RabbitMQ, REST API, Docker & IntelliJ IDEA",4.6,"Instructor:
Ramesh Fadatare (Java Guides)",E£199.99,25.5,272,Beginner,,NEW,E£999.99,199.99,E£
Project Development Using Spring Boot,Master everything required to create a Enterprise Java Application from scratch,4.5,"Instructor:
Bharath Thippireddy",E£199.99,15.5,308,Intermediate,,,E£999.99,199.99,E£
Become a Junior Java Software Developer,Complete practical and conceptual Java programming course for beginners,4.4,"Instructor:
Tim Short",E£199.99,8,53,Beginner,,,E£849.99,199.99,E£
Software Architecture & Design of Modern Large Scale Systems,"Become a Software Architect or Technical Lead by Mastering Software Architecture, System Design & Big Data Processing.",4.7,"Instructors:
Michael Pogrebinsky | Software Architecture, System Design, Java Expert, Top Developer Academy",E£199.99,7,45,All Levels,,Bestseller,E£999.99,199.99,E£
Object Oriented Programming - Basics to Advance (Java OOP),"Learn OOP, SOLID principles with Java examples. Implement backend part for online store by the end of the course",4.4,"Instructors:
Andrii Piatakha, Learn IT University",E£199.99,13.5,56,Intermediate,,,E£849.99,199.99,E£
Master Java Web Services and REST API with Spring Boot,Build Java Web Services & REST API - RESTful & SOAP - with Spring & Spring Boot. Learn REST API & SOAP Web Services Now!,4.5,"Instructor:
in28Minutes Official",E£219.99,13.5,149,All Levels,,,E£999.99,219.99,E£
"Java New Features (Java 12, Java 11, Java 10, Java9 & Java8)","Java New Features Introduced In Java12, Java11, Java10, Java 9, Java 8, Java 7 (Lambda, Streams, JPMS, Jlink, Joda etc)",3.9,"Instructor:
Java Fast Forward JFF",E£199.99,4.5,79,Beginner,,New,E£819.99,199.99,E£
"[NEW] Master Spring 6, Spring Boot 3, REST, JPA, Hibernate","Master Java framework Spring 6, AOP, Spring MVC, Spring Boot 3, Thymeleaf, Spring Security 6, Spring JDBC, JPA,REST",4.6,"Instructors:
Eazy Bytes, Madan Reddy",E£199.99,36.5,251,Beginner,,NEW,E£999.99,199.99,E£
Create a Neural Network in Java,"Artificial Neural Networks in Java, From Scratch",4.7,"Instructor:
John Purcell",E£199.99,18,196,Intermediate,,,E£999.99,199.99,E£
gRPC Masterclass with Java & Spring Boot,Unlock the Power of gRPC for Scalable and Efficient API Design in Microservices Architecture,4.6,"Instructor:
Vinoth Selvaraj",E£199.99,9.5,156,All Levels,,Bestseller,E£999.99,199.99,E£
Develop Minecraft Plugins (Java),High-quality tutorials providing you with the most sustainable practices available to make Minecraft plugins.,4.8,"Instructor:
Stephen King",E£199.99,34.5,134,All Levels,,Bestseller,E£999.99,199.99,E£
Java Collections from basics to Advanced,"Data Structure using Java Collection Framework - Including Concurrent Collections, Streams, Generics, Parallel Streams",4.3,"Instructor:
Basics Strong",E£199.99,11.5,104,All Levels,,,E£269.99,199.99,E£
Reflections and Annotation in Java Uncomplicated,Build your own Spring like Dependency Injection and Hibernate Like ORM tools using core java Reflections and Annotations,4.7,"Instructor:
Basics Strong",E£199.99,4,28,All Levels,,,E£849.99,199.99,E£
Docker for Beginners: DevOps for Java & Spring Boot,Docker for Beginners. DevOps for Java Spring Boot Microservices. Get Hands-on with Docker.,4.6,"Instructor:
in28Minutes Official",E£849.99,6.5,63,All Levels,,,"E£1,199.99",849.99,E£
[NEW] Full-Stack Java Development with Spring Boot 3 & React,"Build FULL-STACK Web Apps using Java, Spring Boot 3, Spring Data JPA, Spring Security, JWT, JavaScript, React JS & MySQL",4.5,"Instructor:
Ramesh Fadatare (Java Guides)",E£199.99,19.5,175,Beginner,,NEW,E£999.99,199.99,E£
Java Programming: Learn Core Java and Improve Java Skills,Learn core Java Programming with this core Java course.This java programming course will take you more experienced level,4.4,"Instructors:
Oak Academy, OAK Academy Team",E£629.99,8,88,All Levels,,,E£849.99,629.99,E£
Java Masterclass - Beginner to Expert Guide: Java & JavaFX,"Building Java FX, Springboot and Vaadin Java Applications. Includes Advanced Java Concepts",4.6,"Instructor:
Paulo Dichone | Software Engineer, AWS Cloud Practitioner & Instructor",E£269.99,30.5,199,All Levels,,,"E£1,199.99",269.99,E£
Java Enterprise Edition 8 for Beginners course,"Understand Jakarta EE, JPA, CDI, JAX-RS, REST, JWT, JSON-P and JSON-B and more. Add ""JEE Developer"" to your résumé!",4.2,"Instructors:
Tim Buchalka's Learn Programming Academy, Luqman Saeed",E£199.99,30,385,All Levels,,Bestseller,E£999.99,199.99,E£
Rest API Testing (Automation) from Scratch-Rest Assured Java,"""Top Ranked #1 Rest API Test Automation & postman tutorial with Java from Basics to Framework with Real time examples",4.6,"Instructor:
Rahul Shetty",E£199.99,28,168,All Levels,,Bestseller,E£999.99,199.99,E£
MongoDB with Java Spring Boot & Spring Framework,MongoDB (NoSQL) With Spring Boot using Spring Data. Learn to deploy Spring Boot App to Pivotal Cloud Foundry with mLab,4.2,"Instructor:
Infybuzz Learning",E£849.99,4,66,Beginner,,,"E£1,199.99",849.99,E£
What's New in Java 9 - Modules and More!,"Improve Your Career Prospects by Learning About New Java 9 Features Like Modules, JShell, Processes and More.",4.2,"Instructors:
Tim Buchalka's Learn Programming Academy, Dr. Frank Mitropoulos",E£219.99,7.5,63,Intermediate,,New,E£319.99,219.99,E£
Thinking Beyond Java 8,Java 9 to Java 17: A step by step navigation,4.3,"Instructor:
Ajay Iyengar",E£199.99,12,162,Beginner,,,E£819.99,199.99,E£
Java Interview Guide : 200+ Interview Questions and Answers,Get Ready for your Java Interview with 200+ Java Interview Questions for Beginners,4.6,"Instructor:
in28Minutes Official",E£999.99,6,55,Beginner,,,"E£1,299.99",999.99,E£
Java from Beginner to Expert,This Java course was created especially for beginners in Java. Learn Java from scratch. Become Java Expert!,4.4,"Instructor:
Arkadiusz Włodarczyk",E£229.99,11.5,91,All Levels,,,E£319.99,229.99,E£
Java 7 & Java 8 new features with Lambdas & Streams,Learn Java functional programing with Lambda & Streams. Learn the exciting & powerful new features of Java 7 and Java 8,4.6,"Instructors:
Eazy Bytes, Madan Reddy",E£199.99,10,78,All Levels,,new,E£849.99,199.99,E£
Java Puzzles to Eliminate Code Fear,The fastest way to actually master Java programming and become a dangerous developer!,4.7,"Instructor:
Job Ready Programmer",E£199.99,7.5,35,All Levels,,,E£269.99,199.99,E£
Devops Tools and AWS for Java Microservice Developers,"Master Docker , Kubernetes, Maven, Jenkins ,GIT , AWS EC2 ,Elastic Beanstalk,ELB,Auto Scaling and more in easy steps",4.6,"Instructor:
Bharath Thippireddy",E£219.99,20.5,288,All Levels,,,"E£1,199.99",219.99,E£
Java Bootcamp (with Java 17),Java Hands-on development,4.2,"Instructor:
Shrirang Korde",E£199.99,25,136,Intermediate,,,E£269.99,199.99,E£
Java Interview Help,"Quickly review java, spring boot, micro services, rest, devops and cloud for java interviews",4.5,"Instructor:
Bharath Thippireddy",E£199.99,7,323,All Levels,,,E£819.99,199.99,E£
SDET Java: Automation Testing from Scratch - Complete Guide,Practical guide to become Expert QA Automation Engineer (AQA) and SDET/Test Architect,4.5,"Instructors:
Andrii Piatakha, Tigran Ter-Karapetyants, Learn IT University",E£199.99,64.5,333,All Levels,,,E£999.99,199.99,E£
Java Certification : OCA (1Z0-808) Exam Simulation [2023],Master the essentials to pass the Oracle Certified Associate(OCA): Java SE 8 Programmer I EXAM,4.4,"Instructor:
Udayan Khattry",E£199.99,,,,,,E£749.99,199.99,E£
Java Spring Tutorial Masterclass - Learn Spring Framework 5,"Can't Find a good Spring Tutorial? Finally Understand Spring 5 With Spring Core, Spring MVC, Spring Boot 2 and more",4.5,"Instructors:
Tim Buchalka, Tim Buchalka's Learn Programming Academy, Goran Lochert",E£319.99,45.5,273,All Levels,,,"E£1,599.99",319.99,E£
Functional & Reactive programming in Java : Modern Style,"Java Programming MasterClass, Design Patterns,Data Structures,Lambda,Streams,Collectors,Collections,Optionals & RxJava",4.5,"Instructor:
Basics Strong",E£199.99,21,192,All Levels,,,E£999.99,199.99,E£
Java Object-Oriented Programming: AP Computer Science B,"AP Computer Science, Java Programming, Object-Oriented Programming, Java GUI, OOP, Java, Algorithms, Data Structure",4.7,"Instructor:
Eric Chou",E£199.99,52.5,256,Intermediate,,,E£269.99,199.99,E£
"RabbitMQ : Messaging with Java, Spring Boot And Spring MVC","Java Messaging Service (JMS) with Spring Framework. Learn Asynchronous Messaging, Queue, Exchange & Routing Of Messages",4.5,"Instructor:
Infybuzz Learning",E£199.99,4,62,All Levels,,,E£999.99,199.99,E£
"Learn Selenium with Java, Cucumber + Live Project","Core Java, Selenium WebDriver, TestNG , Cucumber, Maven, Jenkins, GIT, GitHub, Docker & Frameworks",4.6,"Instructor:
Pavan Kumar",E£229.99,80,63,All Levels,,Bestseller,"E£1,199.99",229.99,E£
Kotlin for Java Developers,"Use your Java skills to learn Kotlin fast. Enhance career prospects and master Kotlin, including Java interoperability",4.5,"Instructors:
Tim Buchalka, Goran Lochert, Tim Buchalka's Learn Programming Academy",E£199.99,17,90,All Levels,,,E£999.99,199.99,E£
Java Programming Masterclass Basic to Advance with Practical,"Learn Java In This Course And Become a Java Programmer, A Practical approach to learn Java. Become a Java Expert",4.4,"Instructor:
Balvir Chahal",E£199.99,9,45,All Levels,,,E£269.99,199.99,E£
Java For Beginners - 1st step towards becoming a Java Guru!,Become a Core Java Expert easily and in step-by-step manner,4.7,"Instructor:
Udayan Khattry",E£199.99,22.5,132,Beginner,,,E£269.99,199.99,E£
Java Programming Masterclass!,"Learn Java Programming for your new job role, or to clear Oracle certification exam.",4.7,"Instructor:
Karthikeya T",E£219.99,18.5,172,All Levels,,new,E£319.99,219.99,E£
Apache Spark for Java Developers,"Get processing Big Data using RDDs, DataFrames, SparkSQL and Machine Learning - and real time streaming with Kafka!",4.7,"Instructors:
Richard Chesterwood, Matt Greencroft, Virtual Pair Programmers",E£749.99,21.5,143,All Levels,,,E£999.99,749.99,E£
Java Programs for Interviews,150 Java Programs from basics to advanced are covered for helping you with interviews,4.7,"Instructor:
Arun Motoori",E£199.99,27,151,Beginner,,,E£999.99,199.99,E£
GraphQL API with Java Spring Boot & Spring Framework,"GraphQL API with Java Spring Boot & Spring Data JPA and MySQL. Learn GraphQL Query, Mutation, Schema, Resolver, Edge",4.2,"Instructor:
Infybuzz Learning",E£199.99,5,65,All Levels,,,E£799.99,199.99,E£
Software Architecture (SOLID) & Design Patterns in Java,"A guide to Create Smart, Reusable Softwares with SOLID Principles and Design Patterns",4.4,"Instructor:
Holczer Balazs",E£849.99,7,89,All Levels,,Bestseller,"E£1,199.99",849.99,E£
"Multithreading,Parallel & Asynchronous Coding in Modern Java",Learn to use Multithreading in Java using the ParallelStreams API and CompletableFuture API using the Hands-On approach.,4.7,"Instructor:
Pragmatic Code School",E£749.99,7,65,Intermediate,,,E£999.99,749.99,E£
Go Java Full Stack with Spring Boot and Angular,Become a Full Stack Java Developer. Build Your First Java Full Stack Application with Angular and Spring Boot.,4.4,"Instructor:
in28Minutes Official",E£749.99,14,160,All Levels,,,E£999.99,749.99,E£
Testing Spring Boot: Beginner to Guru,"Become an Expert Testing Java and Spring Boot Applications using JUnit 5, Mockito, Spring Boot, and More!",4.5,"Instructors:
John Thompson • 500,000+ Enrollments Worldwide, Spring Ahead Code Academy",E£749.99,21,217,All Levels,,Bestseller,E£999.99,749.99,E£
Introduction to Java for Programmers,"With over 200 videos and 20 hours of content, this Java training course will teach you to program in Java 7 and Eclipse.",4.4,"Instructor:
Learn by the Byte",E£519.99,20,207,Beginner,,,E£679.99,519.99,E£
JDBC Servlets and JSP - Java Web Development Fundamentals,Create Java Web Applications from scratch in easy steps,4.5,"Instructor:
Bharath Thippireddy",E£749.99,9,203,All Levels,,,E£999.99,749.99,E£
The Complete Android 14 Developer Course - Build 100 Apps,Learn Android App Development in both Java & Kotlin Languages. You'll master Android from ZERO to HERO,4.4,"Instructor:
Abbass Masri",E£749.99,77,705,All Levels,,Bestseller,E£999.99,749.99,E£
Mastering Java Reactive Programming [ From Scratch ],"Unlock the Power of Reactive Programming, Asynchronous & Non-Blocking Programming using Reactor",4.5,"Instructor:
Vinoth Selvaraj",E£199.99,12,180,All Levels,,,E£999.99,199.99,E£
Java 8 OCA (1Z0-808) Certification - Master the Fundamentals,"Java 8 - Whiteboard explanations, Code, Assignments and MCQs to master Java Fundamentals and obtain Java 8 OCA (1Z0-808)",4.7,"Instructor:
Dr. Seán Kennedy OCP",E£199.99,12,132,All Levels,,,E£269.99,199.99,E£
Java for beginners (Core concepts): Easy course on Java,Discover the Magic of Java: A Beginner's Journey into the World of Programming,4.4,"Instructors:
StudyEasy Organisation, Chand Sheikh",E£199.99,12,123,Beginner,,,E£269.99,199.99,E£
Java for Beginners - Learn all the Basics of Java,Learn Java programming with various java projects- Understand key Java elements and be able to create basic java apps,4.4,"Instructor:
Yassin Marco",E£199.99,5.5,33,Beginner,,,E£779.99,199.99,E£
Practical Java Programming Practices (120+ Common Projects),Master Java programming with over 120+ best Java programming practices for absolute beginners to excel in the industry,4.1,"Instructors:
Emenwa Global, Zoolord Academy",E£199.99,18,137,All Levels,,,E£269.99,199.99,E£
Learn Java Unit Testing with Junit & Mockito in 30 Steps,Learn Mockito and JUnit - the most popular Java unit testing and mocking frameworks - with 25 Examples,4.4,"Instructor:
in28Minutes Official",E£749.99,5,39,All Levels,,Bestseller,E£999.99,749.99,E£
Master Hibernate and JPA with Spring Boot in 100 Steps,"Learn Hibernate, JPA (Java Persistence API) and Spring Data JPA using Spring and Spring Boot",4.6,"Instructor:
in28Minutes Official",E£849.99,14,164,All Levels,,Bestseller,"E£1,199.99",849.99,E£
Java SE 11 Developer 1Z0-819 OCP Course - Part 1,Getting Java Certified is great for your career. Acquire the skills to pass the Oracle Java certification exam!,4.4,"Instructors:
Tim Buchalka, Tim Buchalka's Learn Programming Academy",E£999.99,12.5,132,Intermediate,,Bestseller,"E£1,299.99",999.99,E£
Java Web Technologies: Become A Java Web Developer,This course is designed for those interested to learn about the basics concepts of Java programming .,4.3,"Instructor:
Jerry Brown",E£199.99,4,19,Expert,,,E£269.99,199.99,E£
Complete Java SE 8 Developer Bootcamp - OCA Prep Included,"Master the Foundations of Java and the Topics of the Oracle Certified Associate, Java SE 8 Programmer Exam (1Z0-808)",4.7,"Instructors:
Intertech Training, Jeff Jensen","E£1,299.99",12,165,All Levels,,Bestseller,"E£1,699.99","1,299.99",E£
Java Streams API Developer Guide,Functional Programming with Java 8,4.4,"Instructor:
Nelson Jamal",E£199.99,2.5,45,All Levels,,,E£779.99,199.99,E£
Intermediate & Advanced Java Programming,Take your Java skills to the next level and start building real applications.,4.4,"Instructor:
Stone River eLearning",E£199.99,4,23,All Levels,,,E£269.99,199.99,E£
Oracle Java Certification - Pass the Associate 1Z0-808 Exam.,This course will help you learn the steps to becoming an Oracle Certified Associate (OCA) and get a higher paying job!,4.5,"Instructors:
Tim Buchalka's Learn Programming Academy, Goran Lochert",E£229.99,20,134,All Levels,,Bestseller,"E£1,199.99",229.99,E£
Spring Framework Master Class - Java Spring the Modern Way,"Learn the magic of Java Spring Framework with Spring Boot, Spring JDBC, Spring AOP, Hibernate, JUnit & Mockito",4.5,"Instructor:
in28Minutes Official","E£1,199.99",13,150,All Levels,,,"E£1,599.99","1,199.99",E£
Learn Cucumber BDD with Java -MasterClass Selenium Framework,Step by Step Cucumber BDD Framework Tutorial with Java and implement Robust Selenium WebDriver Framework from scratch,4.6,"Instructor:
Rahul Shetty",E£999.99,12,80,All Levels,,Bestseller,"E£1,299.99",999.99,E£
Java Fast Track Preparation for Interview as Java Developer,Be prepared for your Java Interview and start a great new Java Developer Career.,5.0,"Instructor:
Dr. Chris Mall • 35,000+ Students Worldwide",E£199.99,6.5,53,All Levels,,new,E£269.99,199.99,E£
Java Object Oriented Programming:OOPS OOAD & Design Patterns,"Master Object Oriented in Java, SOLID Design principles, Design Patterns, OOPs philosophy with best practices - 2/e 2019",4.1,"Instructor:
Basics Strong",E£199.99,11,82,Intermediate,,,E£999.99,199.99,E£
Complete Core Java In Simple Way Part - 2,Direct Class Room Videos to get complete knowledge on java,4.5,"Instructor:
DURGASOFT NAGOOR BABU",E£199.99,50,284,All Levels,,,E£269.99,199.99,E£
Java Interview Questions Boot Camp - 1000+ Q& A Master Class,"Covering Generics, Collections, MultiThreading, Design Patterns, OOPs, Functional Programming, OOAD, ENUM and much more",4.4,"Instructor:
Basics Strong",E£199.99,25,178,All Levels,,,E£999.99,199.99,E£
"Testing Spring Boot App with JUnit, Mockito & Testcontainers","Write Unit tests and Integration tests for Spring Boot App and Spring WebFlux App using JUnit, Mockito & Testcontainers",4.6,"Instructor:
Ramesh Fadatare (Java Guides)",E£749.99,11,104,Intermediate,,,E£999.99,749.99,E£
Practical Java Unit Testing with JUnit 5,"Learn practical Java Unit Testing with JUnit 5 in just 1 hour. Comes with a quiz, JUnit cheat sheet and extra exercises.",4.6,"Instructor:
Adrian Wiech",E£549.99,1.5,30,All Levels,,Highest rated,E£729.99,549.99,E£
Java programming 2021: java programming crash course,Learn java programming 2021 with real world examples that you are facing everyday,4.6,"Instructor:
Muhammad Bilal",E£229.99,3.5,21,All Levels,,,E£319.99,229.99,E£
Master Java Unit Testing with Spring Boot & Mockito,"Learn to write awesome Java JUnit unit tests with Spring Boot, Mockito, JsonAssert, Hamcrest & JsonPath in 40 easy steps",4.5,"Instructor:
in28Minutes Official",E£629.99,4,55,All Levels,,,E£849.99,629.99,E£
Spring MVC For Beginners - Build Java Web App in 25 Steps,Learn Spring MVC Framework with a Hands-on Step by Step Approach building a Todo Management Application!,4.5,"Instructor:
in28Minutes Official",E£749.99,6.5,53,Beginner,,Bestseller,E£999.99,749.99,E£
2023 Core JAVA Bootcamp from Zero to Hero,Core Java programming | core java made easy | Complete core java in simple way | full stack java developer - core java,4.8,"Instructor:
Surendra Varma Pericherla",E£479.99,15.5,89,Beginner,,,E£629.99,479.99,E£
Java Web Application Development (Adv Java),Servlets and JSP,4.6,"Instructor:
Rahul Rampurkar",E£229.99,13,28,All Levels,,,E£319.99,229.99,E£
Java for Beginners in 2 hours: Build a Banking Application,Learn Java core concepts and build an application all in just 2 hours.,4.7,"Instructor:
Abhay Redkar",E£199.99,2,37,Beginner,,,E£269.99,199.99,E£
Java Web Developer's masterclass : Java + JSP + JSF (3 in 1),"Golden Step to become Java Web Developer, This course has everything* you need to get started with Java Web Development.",4.3,"Instructors:
StudyEasy Organisation, Chand Sheikh",E£229.99,23.5,271,Beginner,,,E£319.99,229.99,E£
"Java Web Development / Jakarta EE 8 (Servlet, JSP, JDBC,MVC)","JEE Architecture and Technologies, Servlet 2 & 4, JSP 2, JSTL, MVC, Maven, JDBC, MySql, HTML, CSS,JS and (Spring vs JEE)",4.1,"Instructor:
Java Corner (Karim)",E£749.99,13.5,140,All Levels,,,E£999.99,749.99,E£
Java Swing (GUI) Programming: From Beginner to Expert,Learn how to create desktop and Internet GUI Java programs and take your Java programming to the next level.,4.5,"Instructor:
John Purcell",E£999.99,14,93,All Levels,,Bestseller,"E£1,299.99",999.99,E£
"Full Stack Development with Java, MS SQL, Spring, Hibernate","All aspects of Web Development with Java, MS SQL, Spring and Spring Hibernate for anyone who wants to start from scratch",4.4,"Instructors:
Oak Academy, OAK Academy Team",E£199.99,21,200,All Levels,,,E£999.99,199.99,E£
Java SE 11 Developer 1Z0-819 OCP Course - Part 2,Getting Java Certified is great for your career. Acquire the skills to pass the Oracle Java certification exam!,4.2,"Instructors:
Tim Buchalka, Tim Buchalka's Learn Programming Academy",E£229.99,21,188,Intermediate,,,"E£1,199.99",229.99,E£
Distributed Systems & Cloud Computing with Java,"Learn Distributed Java Applications at Scale, Parallel Programming, Distributed Computing & Cloud Software Architecture",4.6,"Instructors:
Michael Pogrebinsky | Software Architecture, System Design, Java Expert, Top Developer Academy",E£229.99,7.5,51,All Levels,,Bestseller,"E£1,199.99",229.99,E£
Java Design Patterns,Master the popular Core and Java EE Design Patterns in easy steps,4.6,"Instructor:
Bharath Thippireddy",E£199.99,6.5,152,All Levels,,,E£999.99,199.99,E£
Maven Crash Course,Create a multi module maven java web applicaiton project in easy steps,4.5,"Instructor:
Bharath Thippireddy",E£749.99,6.5,135,All Levels,,Bestseller,E£999.99,749.99,E£
Java: Enterprise App Development with Java EE 8: 2-in-1,Get hands-on with Java EE to build modern RESTful web services and enterprise applications with the latest Java EE 8 API,4.7,"Instructor:
Packt Publishing",E£219.99,5.5,60,Beginner,,,E£319.99,219.99,E£
"Java EE with Vaadin, JPA, Microservices, Spring and Maven","Vaadin Framework, Microservices (REST), Spring, Spring Security, Hibernate, Spring Boot, Maven and JPA",4.7,"Instructor:
Holczer Balazs",E£749.99,19,180,All Levels,,Bestseller,E£999.99,749.99,E£
Spring Framework In Easy Steps,Create an End to End Java EE Web Application using Spring,4.5,"Instructor:
Bharath Thippireddy",E£849.99,13,291,All Levels,,Bestseller,"E£1,199.99",849.99,E£
Java programming language - JAVA for BEGINNERS course,Start coding with JAVA in no time,4.6,"Instructor:
Baked Brackets",E£199.99,3,46,Beginner,,,E£269.99,199.99,E£
Java Certifications Masterclass,"Certification & Programming with Java [Java 11, Java 12 , Java 13, Java 14, Java 15, Java 16, Java 17]",4.2,"Instructor:
Amey Thatte",E£199.99,20,163,Beginner,,,E£269.99,199.99,E£
Microservices with Java Spring Boot and Spring Cloud,"Learn OpenFeign REST Client, Spring Cloud Eureka, API Gateway, Circuit Breaker, Resilience4j, Config Server,LoadBalancer",4.4,"Instructor:
Infybuzz Learning",E£599.99,4,68,Beginner,,,E£799.99,599.99,E£
Java Persistence: Hibernate and JPA Fundamentals,A simple-to-follow and easy-to-understand course on Java Persistence API (JPA) with Hibernate,4.6,"Instructor:
Deshraj Singh Kiran",E£229.99,12.5,82,All Levels,,,E£999.99,229.99,E£
"Selenium WebDriver 4, Cucumber BDD, Java & More! [NEW: 2023]","Full Automation Testing Bootcamp! Learn automation testing using Selenium Webdriver 4, Java, Cucumber BDD, TestNG & More",4.7,"Instructor:
Gianni @ FutureSkillz Academy",E£199.99,10,71,All Levels,,NEW,E£999.99,199.99,E£
Python for Beginners - Go from Java to Python in 100 Steps,Learn Python Programming using Your Java Skills. For Beginner Python Programmers.,4.6,"Instructor:
in28Minutes Official",E£199.99,8,103,All Levels,,,E£799.99,199.99,E£
Gradle for java developers,Master the fundamentals of gradle in easy steps,4.4,"Instructor:
Bharath Thippireddy",E£749.99,4.5,65,All Levels,,Bestseller,E£999.99,749.99,E£
Java Programming Complete Fundamentals,Learn java programming concepts and Basics. Master in java fundamentals and hands-on skills on AppDevelopment Servic,4.8,"Instructor:
Anil Kalaveni",E£199.99,2.5,50,All Levels,,,E£269.99,199.99,E£
Java Lambda & Streams [Examples With Selenium WebDriver],Elevate Your Testing Skills with Java Functional Programming & Stream API and Selenium WebDriver,4.7,"Instructor:
Vinoth Selvaraj",E£199.99,13,191,All Levels,,,E£269.99,199.99,E£
Selenium 4 WebDriver with Java(Basics + Advance + Architect),"#1 2022 TOP RATED, BEST SELLER Course on SELENIUM 4.0, Trusted by 500,000+ students with Many Live Projects & Frameworks",4.5,"Instructor:
Rahul Arora",E£749.99,143.5,469,All Levels,,,E£999.99,749.99,E£
Java Multithreading & Concurrency - Interview Practice Exams,Prepare for your Java Software Engineering Job Interview with 100+ questions. Practice Java Concurrency & Multithreading,4.5,"Instructors:
Michael Pogrebinsky | Software Architecture, System Design, Java Expert, Top Developer Academy",E£749.99,,,,,Bestseller,E£999.99,749.99,E£
Java Debugging With IntelliJ IDEA,Practical course learning java debugging using Intellij IDEA with step by step details multiple hands on examples,4.6,"Instructor:
Learning From Experience",E£529.99,3.5,51,All Levels,,,E£719.99,529.99,E£
Java for Testers,Start your test automation career by learning Java from this specifically designed for beginners course.,4.6,"Instructor:
Dmitry Shyshkin",E£629.99,6,69,Beginner,,,E£849.99,629.99,E£
Top 150+ QA Automation Interview Questions & Resume Tips,"Job oriented Interview preparation course on Selenium, API testing, Testng, SQL, cucumber & Java programs with solutions",4.5,"Instructor:
Rahul Shetty",E£999.99,10,50,All Levels,,,"E£1,399.99",999.99,E£
Testing Java with JUnit 5 & Mockito,Unit Testing & Integration Testing of Java and Spring Boot applications. Test Driven Development(TDD) Explained.,4.6,"Instructor:
Sergey Kargopolov",E£749.99,7.5,113,All Levels,,,E£999.99,749.99,E£
Cryptography and Hashing Fundamentals in Python and Java,"Private and Public Key Cryptosystems, DES, AES, Cryptoanalysis, RSA, Elliptic Curve Cryptography and Hashing",4.6,"Instructor:
Holczer Balazs",E£749.99,15.5,167,All Levels,,Bestseller,E£999.99,749.99,E£
Selenium Webdriver & Java - Using Real Examples - 2023,Clean & Lean Selenium Webdriver (no bloat content). Build an advanced framework using a realistic e-commerce store!,4.6,"Instructor:
Sal at FutureSkillz Academy.",E£749.99,20.5,179,All Levels,,,E£999.99,749.99,E£
Fundamentals of Java with NetBeans,Basic principles of the Java language by example,4.5,"Instructor:
Christoph Tornau",E£199.99,2,31,Beginner,,Highest rated,E£269.99,199.99,E£
Android App Development Master Course with Java | Android,Android Java | Learn Android App Development java with Android Studio & Java to master your android development skills,4.3,"Instructors:
Oak Academy, OAK Academy Team, Mehmet ÖNGEL",E£269.99,54.5,401,All Levels,,,E£999.99,269.99,E£
Java Message Service - JMS Fundamentals,Master the fundamentals of Java Messaging in Simple Steps,4.4,"Instructor:
Bharath Thippireddy",E£749.99,5.5,101,All Levels,,,E£999.99,749.99,E£
Java/Apache Maven: Stop Building Java Programs the Hard Way!,Apache Maven: Secrets of Building and Managing Java and Java Spring Projects. Learn to use the Java Build Tool.,4.7,"Instructor:
Bruce E. Hilton",E£229.99,3.5,38,Beginner,,Highest rated,E£319.99,229.99,E£
Step By Step Java Programming Complete Course,"Have a strong background in Java programming language,learn solutions of the most common problems,be experienced in Java",4.5,"Instructor:
AKINCI Training",E£199.99,12.5,212,All Levels,,,E£269.99,199.99,E£
Selenium WebDriver and Java - Learn Automation with Selenium,"Selenium webdriver and Java. Learn Automation Testing with Selenium & Java. Build Automation - Selenium, Junit & TestNG.",4.5,"Instructor:
in28Minutes Official",E£199.99,39,426,All Levels,,,E£269.99,199.99,E£
Docker for Java Developers,Learn how you can use Docker to supercharge your enterprise Java Development!,4.4,"Instructors:
John Thompson • 500,000+ Enrollments Worldwide, Spring Ahead Code Academy",E£199.99,10.5,106,Intermediate,,,E£999.99,199.99,E£
Complete Java Design Patterns masterclass 2023,Improve your coding skills by learning Software Design Patterns applied to Java development,4.7,"Instructor:
Catalin Stefan",E£629.99,4.5,26,All Levels,,,E£849.99,629.99,E£
Mockito: Next-Level Java Unit Testing,Learn the latest Mockito 5 for Java unit testing in just 2 hours and take your developer career to the next level!,4.6,"Instructor:
Adrian Wiech",E£199.99,2,31,All Levels,,Highest rated,E£649.99,199.99,E£
Apache Tomcat Server from Beginners to Advanced,"Learn Tomcat Server essentials for Java Web Developers, Architects & Admins, along with best implementation practices",4.5,"Instructor:
Amit Kumar",E£319.99,8,62,All Levels,,Bestseller,,319.99,E£
Java Masterclass|Basic to OOP Programming with IntelliJ IDEA,Learn Basic to Advanced Java programming Techniques and Methods as well as Object Orientated Programming,4.4,"Instructor:
Programming Tut",E£199.99,5,65,All Levels,,,E£269.99,199.99,E£
Learning To Program In Java 8 - Video Based Training,A beginners guide to learning to program in Java 8 from Infinite Skills,4.6,"Instructor:
Infinite Skills",E£199.99,6.5,82,All Levels,,,E£269.99,199.99,E£
Java Programming – the Master Course,From Java Beginner to Java Expert in ten simple steps,4.2,"Instructor:
Huw Collingbourne",E£199.99,9.5,89,All Levels,,,E£269.99,199.99,E£
Java Web Services,"Learn how to design,create , consume and secure SOAP and REST web services from scratch in easy steps.",4.6,"Instructor:
Bharath Thippireddy",E£749.99,17,336,All Levels,,Bestseller,E£999.99,749.99,E£
IntelliJ IDEA Tricks to Boost Productivity for Java Devs,Fast Coding Tricks of IntelliJ IDEA that Every Java Developer Should Know. Instant Productivity Boost Tutorial.,4.4,"Instructors:
Tao W., James Lee",E£229.99,1.5,32,All Levels,,,E£319.99,229.99,E£
Programming Java for Beginners - The Ultimate Java Tutorial,Learn Java Programming at your own Pace. Comes Complete with Working Files and a Verifiable Certificate of Completion.,4.4,"Instructor:
Infinite Skills",E£519.99,10,114,All Levels,,,E£679.99,519.99,E£
Kafka fundamentals for java developers,Learn the key concepts and work hands to master Kafka in easy steps,4.5,"Instructor:
Bharath Thippireddy",E£199.99,5,111,All Levels,,,E£269.99,199.99,E£
"Java New Features - Java 14, Java 10",Hands on course to learn the new features introduced in Java and acing the Java programming interviews,4.3,"Instructor:
Ajay Wadhara",E£229.99,2,20,Beginner,,New,E£319.99,229.99,E£
Selenium WebDriver Java: Basics to Architect Bootcamp 2023,Selenium WebDriver with Java: TestNG Cucumber Maven Jenkins GitHub Selenium WebDriver Testing Frameworks DataDriven POM,4.6,"Instructor:
Cloud99 Jenkins | DevOps | Kubernetes | Terraform | Ansible",E£199.99,60,294,All Levels,,,E£999.99,199.99,E£
Oracle Certified Associate Java Programmer (OCAJP) 1Z0-808,Preparation for Oracle Certification (Java Certification) 1Z0-808 & 1Z0-811 with example and home tasks.,4.5,"Instructors:
Andrii Piatakha, Learn IT University",E£599.99,17,113,All Levels,,,E£799.99,599.99,E£
Advanced Selenium WebDriver with Java and TestNG,Real-world example of Advanced Selenium WebDriver test automation framework with Java and TestNG | Selenium tutorial,4.6,"Instructor:
Dmitry Shyshkin",E£199.99,4.5,51,Intermediate,,,E£269.99,199.99,E£
The Java Design Patterns Course,Understand the how and the why of the gang of four design patterns using Java.,4.1,"Instructors:
Tim Buchalka's Learn Programming Academy, Jason Fedin",E£749.99,24,157,Intermediate,,,E£999.99,749.99,E£
Java Applications: Building Apps with Java,Get an introduction to Java programming while you learn to develop Java applications,4.0,"Instructor:
Adapption Tech",E£199.99,2,26,All Levels,,,E£269.99,199.99,E£
Java Web Services Part 2 - SOAP and REST Security,Master advanced web services concepts and implement them in easy steps,4.8,"Instructor:
Bharath Thippireddy",E£199.99,4.5,107,Intermediate,,Highest rated,E£999.99,199.99,E£
Learn AWS - Deploy Java Spring Boot to AWS Elastic Beanstalk,Learn AWS deploying Java Spring Boot Apps to AWS Elastic Beanstalk. Take Java Spring Boot REST APIs & Full Stack to AWS.,4.4,"Instructor:
in28Minutes Official",E£629.99,6.5,66,Beginner,,,E£849.99,629.99,E£
"Clean Code with Java: Learn Simple Design, Refactoring & TDD","Write Clean Code with Java. Learn Simple Design, Refactoring and Test Driven Development - TDD.",4.5,"Instructor:
in28Minutes Official",E£619.99,4.5,48,All Levels,,,E£819.99,619.99,E£
Java: a COMPLETE tutorial from ZERO to JDBC,Learn Java programming language from start to finish with Oracle Java certified expert Mr Lawrence Decamora,4.4,"Instructors:
LearningWhilePracticing LWP, Lawrence Decamora",E£199.99,20,154,All Levels,,,E£269.99,199.99,E£
Complete Step By Step Java For Testers,A-Z guide for learning Java what's perfectly right for your Selenium WebDriver and Test Automation needs,4.5,"Instructor:
Lets Kode It",E£269.99,8.5,53,All Levels,,,E£349.99,269.99,E£
Test your Core Java skills,139 multiple choice questions to test your Core Java skills,4.6,"Instructor:
Udayan Khattry",E£199.99,,,,,,E£269.99,199.99,E£
Java Interview preparation,"If you know java basic , Its time to learn java concepts . So that you can level up your java skills",4.1,"Instructor:
ProTeach Tech",E£199.99,16.5,70,Expert,,,E£269.99,199.99,E£
Java Spring Boot Using Intellij | Build a Real-world Project,"Learn Java Spring Boot (SpringBoot), Thymeleaf, JPA, API, Postman, Intellij by Build Real World Web Application Project",4.6,"Instructors:
Faisal Memon, EmbarkX Official",E£749.99,17,150,Intermediate,,,E£999.99,749.99,E£
Reactive Programming in Modern Java using Project Reactor,Learn to write fast performing Asynchronous and NonBlocking code using the Reactive Programming principles and Reactor.,4.3,"Instructor:
Pragmatic Code School",E£199.99,7,82,All Levels,,,E£999.99,199.99,E£
Project Development Using JAVA for Beginners - 2023,Learn Java from scratch and become Software Engineer.,4.2,"Instructor:
Hemanth kumar",E£229.99,45.5,122,All Levels,,,E£319.99,229.99,E£
Servlets and JSPs Tutorial: Learn Web Applications With Java,Learn how to create dynamic websites using the Java programming language with this java web application tutorial,4.6,"Instructor:
John Purcell",E£229.99,10,64,All Levels,,,E£319.99,229.99,E£
Selenium Java : Beginner to Advanced [Live Project],"Includes Selenium 4, and 217 in-depth organized sessions (136+ hours), Real time Live Project and Interview Questions.",4.5,"Instructor:
Arun Motoori",E£749.99,189,493,All Levels,,,E£999.99,749.99,E£
Programming Java for Beginners - The Ultimate Java Tutorial,Learn Java Programming at your own Pace. Comes Complete with Working Files and a Verifiable Certificate of Completion.,4.4,"Instructor:
Infinite Skills",E£519.99,10,114,All Levels,,,E£679.99,519.99,E£
Kafka fundamentals for java developers,Learn the key concepts and work hands to master Kafka in easy steps,4.5,"Instructor:
Bharath Thippireddy",E£199.99,5,111,All Levels,,,E£269.99,199.99,E£
"Java New Features - Java 14, Java 10",Hands on course to learn the new features introduced in Java and acing the Java programming interviews,4.3,"Instructor:
Ajay Wadhara",E£229.99,2,20,Beginner,,New,E£319.99,229.99,E£
Selenium WebDriver Java: Basics to Architect Bootcamp 2023,Selenium WebDriver with Java: TestNG Cucumber Maven Jenkins GitHub Selenium WebDriver Testing Frameworks DataDriven POM,4.6,"Instructor:
Cloud99 Jenkins | DevOps | Kubernetes | Terraform | Ansible",E£199.99,60,294,All Levels,,,E£999.99,199.99,E£
Oracle Certified Associate Java Programmer (OCAJP) 1Z0-808,Preparation for Oracle Certification (Java Certification) 1Z0-808 & 1Z0-811 with example and home tasks.,4.5,"Instructors:
Andrii Piatakha, Learn IT University",E£599.99,17,113,All Levels,,,E£799.99,599.99,E£
Advanced Selenium WebDriver with Java and TestNG,Real-world example of Advanced Selenium WebDriver test automation framework with Java and TestNG | Selenium tutorial,4.6,"Instructor:
Dmitry Shyshkin",E£199.99,4.5,51,Intermediate,,,E£269.99,199.99,E£
The Java Design Patterns Course,Understand the how and the why of the gang of four design patterns using Java.,4.1,"Instructors:
Tim Buchalka's Learn Programming Academy, Jason Fedin",E£749.99,24,157,Intermediate,,,E£999.99,749.99,E£
Java Applications: Building Apps with Java,Get an introduction to Java programming while you learn to develop Java applications,4.0,"Instructor:
Adapption Tech",E£199.99,2,26,All Levels,,,E£269.99,199.99,E£
Java Web Services Part 2 - SOAP and REST Security,Master advanced web services concepts and implement them in easy steps,4.8,"Instructor:
Bharath Thippireddy",E£199.99,4.5,107,Intermediate,,Highest rated,E£999.99,199.99,E£
Learn AWS - Deploy Java Spring Boot to AWS Elastic Beanstalk,Learn AWS deploying Java Spring Boot Apps to AWS Elastic Beanstalk. Take Java Spring Boot REST APIs & Full Stack to AWS.,4.4,"Instructor:
in28Minutes Official",E£629.99,6.5,66,Beginner,,,E£849.99,629.99,E£
"Clean Code with Java: Learn Simple Design, Refactoring & TDD","Write Clean Code with Java. Learn Simple Design, Refactoring and Test Driven Development - TDD.",4.5,"Instructor:
in28Minutes Official",E£619.99,4.5,48,All Levels,,,E£819.99,619.99,E£
Java: a COMPLETE tutorial from ZERO to JDBC,Learn Java programming language from start to finish with Oracle Java certified expert Mr Lawrence Decamora,4.4,"Instructors:
LearningWhilePracticing LWP, Lawrence Decamora",E£199.99,20,154,All Levels,,,E£269.99,199.99,E£
Complete Step By Step Java For Testers,A-Z guide for learning Java what's perfectly right for your Selenium WebDriver and Test Automation needs,4.5,"Instructor:
Lets Kode It",E£269.99,8.5,53,All Levels,,,E£349.99,269.99,E£
Test your Core Java skills,139 multiple choice questions to test your Core Java skills,4.6,"Instructor:
Udayan Khattry",E£199.99,,,,,,E£269.99,199.99,E£
Java Interview preparation,"If you know java basic , Its time to learn java concepts . So that you can level up your java skills",4.1,"Instructor:
ProTeach Tech",E£199.99,16.5,70,Expert,,,E£269.99,199.99,E£
Java Spring Boot Using Intellij | Build a Real-world Project,"Learn Java Spring Boot (SpringBoot), Thymeleaf, JPA, API, Postman, Intellij by Build Real World Web Application Project",4.6,"Instructors:
Faisal Memon, EmbarkX Official",E£749.99,17,150,Intermediate,,,E£999.99,749.99,E£
Reactive Programming in Modern Java using Project Reactor,Learn to write fast performing Asynchronous and NonBlocking code using the Reactive Programming principles and Reactor.,4.3,"Instructor:
Pragmatic Code School",E£199.99,7,82,All Levels,,,E£999.99,199.99,E£
Project Development Using JAVA for Beginners - 2023,Learn Java from scratch and become Software Engineer.,4.2,"Instructor:
Hemanth kumar",E£229.99,45.5,122,All Levels,,,E£319.99,229.99,E£
Servlets and JSPs Tutorial: Learn Web Applications With Java,Learn how to create dynamic websites using the Java programming language with this java web application tutorial,4.6,"Instructor:
John Purcell",E£229.99,10,64,All Levels,,,E£319.99,229.99,E£
Selenium Java : Beginner to Advanced [Live Project],"Includes Selenium 4, and 217 in-depth organized sessions (136+ hours), Real time Live Project and Interview Questions.",4.5,"Instructor:
Arun Motoori",E£749.99,189,493,All Levels,,,E£999.99,749.99,E£
Programming Java for Beginners - The Ultimate Java Tutorial,Learn Java Programming at your own Pace. Comes Complete with Working Files and a Verifiable Certificate of Completion.,4.4,"Instructor:
Infinite Skills",E£519.99,10,114,All Levels,,,E£679.99,519.99,E£
Kafka fundamentals for java developers,Learn the key concepts and work hands to master Kafka in easy steps,4.5,"Instructor:
Bharath Thippireddy",E£199.99,5,111,All Levels,,,E£269.99,199.99,E£
"Java New Features - Java 14, Java 10",Hands on course to learn the new features introduced in Java and acing the Java programming interviews,4.3,"Instructor:
Ajay Wadhara",E£229.99,2,20,Beginner,,New,E£319.99,229.99,E£
Selenium WebDriver Java: Basics to Architect Bootcamp 2023,Selenium WebDriver with Java: TestNG Cucumber Maven Jenkins GitHub Selenium WebDriver Testing Frameworks DataDriven POM,4.6,"Instructor:
Cloud99 Jenkins | DevOps | Kubernetes | Terraform | Ansible",E£199.99,60,294,All Levels,,,E£999.99,199.99,E£
Oracle Certified Associate Java Programmer (OCAJP) 1Z0-808,Preparation for Oracle Certification (Java Certification) 1Z0-808 & 1Z0-811 with example and home tasks.,4.5,"Instructors:
Andrii Piatakha, Learn IT University",E£599.99,17,113,All Levels,,,E£799.99,599.99,E£
Advanced Selenium WebDriver with Java and TestNG,Real-world example of Advanced Selenium WebDriver test automation framework with Java and TestNG | Selenium tutorial,4.6,"Instructor:
Dmitry Shyshkin",E£199.99,4.5,51,Intermediate,,,E£269.99,199.99,E£
The Java Design Patterns Course,Understand the how and the why of the gang of four design patterns using Java.,4.1,"Instructors:
Tim Buchalka's Learn Programming Academy, Jason Fedin",E£749.99,24,157,Intermediate,,,E£999.99,749.99,E£
Java Applications: Building Apps with Java,Get an introduction to Java programming while you learn to develop Java applications,4.0,"Instructor:
Adapption Tech",E£199.99,2,26,All Levels,,,E£269.99,199.99,E£
Java Web Services Part 2 - SOAP and REST Security,Master advanced web services concepts and implement them in easy steps,4.8,"Instructor:
Bharath Thippireddy",E£199.99,4.5,107,Intermediate,,Highest rated,E£999.99,199.99,E£
Learn AWS - Deploy Java Spring Boot to AWS Elastic Beanstalk,Learn AWS deploying Java Spring Boot Apps to AWS Elastic Beanstalk. Take Java Spring Boot REST APIs & Full Stack to AWS.,4.4,"Instructor:
in28Minutes Official",E£629.99,6.5,66,Beginner,,,E£849.99,629.99,E£
"Clean Code with Java: Learn Simple Design, Refactoring & TDD","Write Clean Code with Java. Learn Simple Design, Refactoring and Test Driven Development - TDD.",4.5,"Instructor:
in28Minutes Official",E£619.99,4.5,48,All Levels,,,E£819.99,619.99,E£
Java: a COMPLETE tutorial from ZERO to JDBC,Learn Java programming language from start to finish with Oracle Java certified expert Mr Lawrence Decamora,4.4,"Instructors:
LearningWhilePracticing LWP, Lawrence Decamora",E£199.99,20,154,All Levels,,,E£269.99,199.99,E£
Complete Step By Step Java For Testers,A-Z guide for learning Java what's perfectly right for your Selenium WebDriver and Test Automation needs,4.5,"Instructor:
Lets Kode It",E£269.99,8.5,53,All Levels,,,E£349.99,269.99,E£
Test your Core Java skills,139 multiple choice questions to test your Core Java skills,4.6,"Instructor:
Udayan Khattry",E£199.99,,,,,,E£269.99,199.99,E£
Java Interview preparation,"If you know java basic , Its time to learn java concepts . So that you can level up your java skills",4.1,"Instructor:
ProTeach Tech",E£199.99,16.5,70,Expert,,,E£269.99,199.99,E£
Java Spring Boot Using Intellij | Build a Real-world Project,"Learn Java Spring Boot (SpringBoot), Thymeleaf, JPA, API, Postman, Intellij by Build Real World Web Application Project",4.6,"Instructors:
Faisal Memon, EmbarkX Official",E£749.99,17,150,Intermediate,,,E£999.99,749.99,E£
Reactive Programming in Modern Java using Project Reactor,Learn to write fast performing Asynchronous and NonBlocking code using the Reactive Programming principles and Reactor.,4.3,"Instructor:
Pragmatic Code School",E£199.99,7,82,All Levels,,,E£999.99,199.99,E£
Project Development Using JAVA for Beginners - 2023,Learn Java from scratch and become Software Engineer.,4.2,"Instructor:
Hemanth kumar",E£229.99,45.5,122,All Levels,,,E£319.99,229.99,E£
Servlets and JSPs Tutorial: Learn Web Applications With Java,Learn how to create dynamic websites using the Java programming language with this java web application tutorial,4.6,"Instructor:
John Purcell",E£229.99,10,64,All Levels,,,E£319.99,229.99,E£
Selenium Java : Beginner to Advanced [Live Project],"Includes Selenium 4, and 217 in-depth organized sessions (136+ hours), Real time Live Project and Interview Questions.",4.5,"Instructor:
Arun Motoori",E£749.99,189,493,All Levels,,,E£999.99,749.99,E£
Programming Java for Beginners - The Ultimate Java Tutorial,Learn Java Programming at your own Pace. Comes Complete with Working Files and a Verifiable Certificate of Completion.,4.4,"Instructor:
Infinite Skills",E£519.99,10,114,All Levels,,,E£679.99,519.99,E£
Kafka fundamentals for java developers,Learn the key concepts and work hands to master Kafka in easy steps,4.5,"Instructor:
Bharath Thippireddy",E£199.99,5,111,All Levels,,,E£269.99,199.99,E£
"Java New Features - Java 14, Java 10",Hands on course to learn the new features introduced in Java and acing the Java programming interviews,4.3,"Instructor:
Ajay Wadhara",E£229.99,2,20,Beginner,,New,E£319.99,229.99,E£
Selenium WebDriver Java: Basics to Architect Bootcamp 2023,Selenium WebDriver with Java: TestNG Cucumber Maven Jenkins GitHub Selenium WebDriver Testing Frameworks DataDriven POM,4.6,"Instructor:
Cloud99 Jenkins | DevOps | Kubernetes | Terraform | Ansible",E£199.99,60,294,All Levels,,,E£999.99,199.99,E£
Oracle Certified Associate Java Programmer (OCAJP) 1Z0-808,Preparation for Oracle Certification (Java Certification) 1Z0-808 & 1Z0-811 with example and home tasks.,4.5,"Instructors:
Andrii Piatakha, Learn IT University",E£599.99,17,113,All Levels,,,E£799.99,599.99,E£
Advanced Selenium WebDriver with Java and TestNG,Real-world example of Advanced Selenium WebDriver test automation framework with Java and TestNG | Selenium tutorial,4.6,"Instructor:
Dmitry Shyshkin",E£199.99,4.5,51,Intermediate,,,E£269.99,199.99,E£
The Java Design Patterns Course,Understand the how and the why of the gang of four design patterns using Java.,4.1,"Instructors:
Tim Buchalka's Learn Programming Academy, Jason Fedin",E£749.99,24,157,Intermediate,,,E£999.99,749.99,E£
Java Applications: Building Apps with Java,Get an introduction to Java programming while you learn to develop Java applications,4.0,"Instructor:
Adapption Tech",E£199.99,2,26,All Levels,,,E£269.99,199.99,E£
Java Web Services Part 2 - SOAP and REST Security,Master advanced web services concepts and implement them in easy steps,4.8,"Instructor:
Bharath Thippireddy",E£199.99,4.5,107,Intermediate,,Highest rated,E£999.99,199.99,E£
Learn AWS - Deploy Java Spring Boot to AWS Elastic Beanstalk,Learn AWS deploying Java Spring Boot Apps to AWS Elastic Beanstalk. Take Java Spring Boot REST APIs & Full Stack to AWS.,4.4,"Instructor:
in28Minutes Official",E£629.99,6.5,66,Beginner,,,E£849.99,629.99,E£
"Clean Code with Java: Learn Simple Design, Refactoring & TDD","Write Clean Code with Java. Learn Simple Design, Refactoring and Test Driven Development - TDD.",4.5,"Instructor:
in28Minutes Official",E£619.99,4.5,48,All Levels,,,E£819.99,619.99,E£
Java: a COMPLETE tutorial from ZERO to JDBC,Learn Java programming language from start to finish with Oracle Java certified expert Mr Lawrence Decamora,4.4,"Instructors:
LearningWhilePracticing LWP, Lawrence Decamora",E£199.99,20,154,All Levels,,,E£269.99,199.99,E£
Complete Step By Step Java For Testers,A-Z guide for learning Java what's perfectly right for your Selenium WebDriver and Test Automation needs,4.5,"Instructor:
Lets Kode It",E£269.99,8.5,53,All Levels,,,E£349.99,269.99,E£
Test your Core Java skills,139 multiple choice questions to test your Core Java skills,4.6,"Instructor:
Udayan Khattry",E£199.99,,,,,,E£269.99,199.99,E£
Java Interview preparation,"If you know java basic , Its time to learn java concepts . So that you can level up your java skills",4.1,"Instructor:
ProTeach Tech",E£199.99,16.5,70,Expert,,,E£269.99,199.99,E£
Java Spring Boot Using Intellij | Build a Real-world Project,"Learn Java Spring Boot (SpringBoot), Thymeleaf, JPA, API, Postman, Intellij by Build Real World Web Application Project",4.6,"Instructors:
Faisal Memon, EmbarkX Official",E£749.99,17,150,Intermediate,,,E£999.99,749.99,E£
Reactive Programming in Modern Java using Project Reactor,Learn to write fast performing Asynchronous and NonBlocking code using the Reactive Programming principles and Reactor.,4.3,"Instructor:
Pragmatic Code School",E£199.99,7,82,All Levels,,,E£999.99,199.99,E£
Project Development Using JAVA for Beginners - 2023,Learn Java from scratch and become Software Engineer.,4.2,"Instructor:
Hemanth kumar",E£229.99,45.5,122,All Levels,,,E£319.99,229.99,E£
Servlets and JSPs Tutorial: Learn Web Applications With Java,Learn how to create dynamic websites using the Java programming language with this java web application tutorial,4.6,"Instructor:
John Purcell",E£229.99,10,64,All Levels,,,E£319.99,229.99,E£
Selenium Java : Beginner to Advanced [Live Project],"Includes Selenium 4, and 217 in-depth organized sessions (136+ hours), Real time Live Project and Interview Questions.",4.5,"Instructor:
Arun Motoori",E£749.99,189,493,All Levels,,,E£999.99,749.99,E£
Programming Java for Beginners - The Ultimate Java Tutorial,Learn Java Programming at your own Pace. Comes Complete with Working Files and a Verifiable Certificate of Completion.,4.4,"Instructor:
Infinite Skills",E£519.99,10,114,All Levels,,,E£679.99,519.99,E£
Kafka fundamentals for java developers,Learn the key concepts and work hands to master Kafka in easy steps,4.5,"Instructor:
Bharath Thippireddy",E£199.99,5,111,All Levels,,,E£269.99,199.99,E£
"Java New Features - Java 14, Java 10",Hands on course to learn the new features introduced in Java and acing the Java programming interviews,4.3,"Instructor:
Ajay Wadhara",E£229.99,2,20,Beginner,,New,E£319.99,229.99,E£
Selenium WebDriver Java: Basics to Architect Bootcamp 2023,Selenium WebDriver with Java: TestNG Cucumber Maven Jenkins GitHub Selenium WebDriver Testing Frameworks DataDriven POM,4.6,"Instructor:
Cloud99 Jenkins | DevOps | Kubernetes | Terraform | Ansible",E£199.99,60,294,All Levels,,,E£999.99,199.99,E£
Oracle Certified Associate Java Programmer (OCAJP) 1Z0-808,Preparation for Oracle Certification (Java Certification) 1Z0-808 & 1Z0-811 with example and home tasks.,4.5,"Instructors:
Andrii Piatakha, Learn IT University",E£599.99,17,113,All Levels,,,E£799.99,599.99,E£
Advanced Selenium WebDriver with Java and TestNG,Real-world example of Advanced Selenium WebDriver test automation framework with Java and TestNG | Selenium tutorial,4.6,"Instructor:
Dmitry Shyshkin",E£199.99,4.5,51,Intermediate,,,E£269.99,199.99,E£
The Java Design Patterns Course,Understand the how and the why of the gang of four design patterns using Java.,4.1,"Instructors:
Tim Buchalka's Learn Programming Academy, Jason Fedin",E£749.99,24,157,Intermediate,,,E£999.99,749.99,E£
Java Applications: Building Apps with Java,Get an introduction to Java programming while you learn to develop Java applications,4.0,"Instructor:
Adapption Tech",E£199.99,2,26,All Levels,,,E£269.99,199.99,E£
Java Web Services Part 2 - SOAP and REST Security,Master advanced web services concepts and implement them in easy steps,4.8,"Instructor:
Bharath Thippireddy",E£199.99,4.5,107,Intermediate,,Highest rated,E£999.99,199.99,E£
Learn AWS - Deploy Java Spring Boot to AWS Elastic Beanstalk,Learn AWS deploying Java Spring Boot Apps to AWS Elastic Beanstalk. Take Java Spring Boot REST APIs & Full Stack to AWS.,4.4,"Instructor:
in28Minutes Official",E£629.99,6.5,66,Beginner,,,E£849.99,629.99,E£
"Clean Code with Java: Learn Simple Design, Refactoring & TDD","Write Clean Code with Java. Learn Simple Design, Refactoring and Test Driven Development - TDD.",4.5,"Instructor:
in28Minutes Official",E£619.99,4.5,48,All Levels,,,E£819.99,619.99,E£
Java: a COMPLETE tutorial from ZERO to JDBC,Learn Java programming language from start to finish with Oracle Java certified expert Mr Lawrence Decamora,4.4,"Instructors:
LearningWhilePracticing LWP, Lawrence Decamora",E£199.99,20,154,All Levels,,,E£269.99,199.99,E£
Complete Step By Step Java For Testers,A-Z guide for learning Java what's perfectly right for your Selenium WebDriver and Test Automation needs,4.5,"Instructor:
Lets Kode It",E£269.99,8.5,53,All Levels,,,E£349.99,269.99,E£
Test your Core Java skills,139 multiple choice questions to test your Core Java skills,4.6,"Instructor:
Udayan Khattry",E£199.99,,,,,,E£269.99,199.99,E£
Java Interview preparation,"If you know java basic , Its time to learn java concepts . So that you can level up your java skills",4.1,"Instructor:
ProTeach Tech",E£199.99,16.5,70,Expert,,,E£269.99,199.99,E£
Java Spring Boot Using Intellij | Build a Real-world Project,"Learn Java Spring Boot (SpringBoot), Thymeleaf, JPA, API, Postman, Intellij by Build Real World Web Application Project",4.6,"Instructors:
Faisal Memon, EmbarkX Official",E£749.99,17,150,Intermediate,,,E£999.99,749.99,E£
Reactive Programming in Modern Java using Project Reactor,Learn to write fast performing Asynchronous and NonBlocking code using the Reactive Programming principles and Reactor.,4.3,"Instructor:
Pragmatic Code School",E£199.99,7,82,All Levels,,,E£999.99,199.99,E£
Project Development Using JAVA for Beginners - 2023,Learn Java from scratch and become Software Engineer.,4.2,"Instructor:
Hemanth kumar",E£229.99,45.5,122,All Levels,,,E£319.99,229.99,E£
Servlets and JSPs Tutorial: Learn Web Applications With Java,Learn how to create dynamic websites using the Java programming language with this java web application tutorial,4.6,"Instructor:
John Purcell",E£229.99,10,64,All Levels,,,E£319.99,229.99,E£
Selenium Java : Beginner to Advanced [Live Project],"Includes Selenium 4, and 217 in-depth organized sessions (136+ hours), Real time Live Project and Interview Questions.",4.5,"Instructor:
Arun Motoori",E£749.99,189,493,All Levels,,,E£999.99,749.99,E£
Programming Java for Beginners - The Ultimate Java Tutorial,Learn Java Programming at your own Pace. Comes Complete with Working Files and a Verifiable Certificate of Completion.,4.4,"Instructor:
Infinite Skills",E£519.99,10,114,All Levels,,,E£679.99,519.99,E£
Kafka fundamentals for java developers,Learn the key concepts and work hands to master Kafka in easy steps,4.5,"Instructor:
Bharath Thippireddy",E£199.99,5,111,All Levels,,,E£269.99,199.99,E£
"Java New Features - Java 14, Java 10",Hands on course to learn the new features introduced in Java and acing the Java programming interviews,4.3,"Instructor:
Ajay Wadhara",E£229.99,2,20,Beginner,,New,E£319.99,229.99,E£
Selenium WebDriver Java: Basics to Architect Bootcamp 2023,Selenium WebDriver with Java: TestNG Cucumber Maven Jenkins GitHub Selenium WebDriver Testing Frameworks DataDriven POM,4.6,"Instructor:
Cloud99 Jenkins | DevOps | Kubernetes | Terraform | Ansible",E£199.99,60,294,All Levels,,,E£999.99,199.99,E£
Oracle Certified Associate Java Programmer (OCAJP) 1Z0-808,Preparation for Oracle Certification (Java Certification) 1Z0-808 & 1Z0-811 with example and home tasks.,4.5,"Instructors:
Andrii Piatakha, Learn IT University",E£599.99,17,113,All Levels,,,E£799.99,599.99,E£
Advanced Selenium WebDriver with Java and TestNG,Real-world example of Advanced Selenium WebDriver test automation framework with Java and TestNG | Selenium tutorial,4.6,"Instructor:
Dmitry Shyshkin",E£199.99,4.5,51,Intermediate,,,E£269.99,199.99,E£
The Java Design Patterns Course,Understand the how and the why of the gang of four design patterns using Java.,4.1,"Instructors:
Tim Buchalka's Learn Programming Academy, Jason Fedin",E£749.99,24,157,Intermediate,,,E£999.99,749.99,E£
Java Applications: Building Apps with Java,Get an introduction to Java programming while you learn to develop Java applications,4.0,"Instructor:
Adapption Tech",E£199.99,2,26,All Levels,,,E£269.99,199.99,E£
Java Web Services Part 2 - SOAP and REST Security,Master advanced web services concepts and implement them in easy steps,4.8,"Instructor:
Bharath Thippireddy",E£199.99,4.5,107,Intermediate,,Highest rated,E£999.99,199.99,E£
Learn AWS - Deploy Java Spring Boot to AWS Elastic Beanstalk,Learn AWS deploying Java Spring Boot Apps to AWS Elastic Beanstalk. Take Java Spring Boot REST APIs & Full Stack to AWS.,4.4,"Instructor:
in28Minutes Official",E£629.99,6.5,66,Beginner,,,E£849.99,629.99,E£
"Clean Code with Java: Learn Simple Design, Refactoring & TDD","Write Clean Code with Java. Learn Simple Design, Refactoring and Test Driven Development - TDD.",4.5,"Instructor:
in28Minutes Official",E£619.99,4.5,48,All Levels,,,E£819.99,619.99,E£
Java: a COMPLETE tutorial from ZERO to JDBC,Learn Java programming language from start to finish with Oracle Java certified expert Mr Lawrence Decamora,4.4,"Instructors:
LearningWhilePracticing LWP, Lawrence Decamora",E£199.99,20,154,All Levels,,,E£269.99,199.99,E£
Complete Step By Step Java For Testers,A-Z guide for learning Java what's perfectly right for your Selenium WebDriver and Test Automation needs,4.5,"Instructor:
Lets Kode It",E£269.99,8.5,53,All Levels,,,E£349.99,269.99,E£
Test your Core Java skills,139 multiple choice questions to test your Core Java skills,4.6,"Instructor:
Udayan Khattry",E£199.99,,,,,,E£269.99,199.99,E£
Java Interview preparation,"If you know java basic , Its time to learn java concepts . So that you can level up your java skills",4.1,"Instructor:
ProTeach Tech",E£199.99,16.5,70,Expert,,,E£269.99,199.99,E£
Java Spring Boot Using Intellij | Build a Real-world Project,"Learn Java Spring Boot (SpringBoot), Thymeleaf, JPA, API, Postman, Intellij by Build Real World Web Application Project",4.6,"Instructors:
Faisal Memon, EmbarkX Official",E£749.99,17,150,Intermediate,,,E£999.99,749.99,E£
Reactive Programming in Modern Java using Project Reactor,Learn to write fast performing Asynchronous and NonBlocking code using the Reactive Programming principles and Reactor.,4.3,"Instructor:
Pragmatic Code School",E£199.99,7,82,All Levels,,,E£999.99,199.99,E£
Project Development Using JAVA for Beginners - 2023,Learn Java from scratch and become Software Engineer.,4.2,"Instructor:
Hemanth kumar",E£229.99,45.5,122,All Levels,,,E£319.99,229.99,E£
Servlets and JSPs Tutorial: Learn Web Applications With Java,Learn how to create dynamic websites using the Java programming language with this java web application tutorial,4.6,"Instructor:
John Purcell",E£229.99,10,64,All Levels,,,E£319.99,229.99,E£
Selenium Java : Beginner to Advanced [Live Project],"Includes Selenium 4, and 217 in-depth organized sessions (136+ hours), Real time Live Project and Interview Questions.",4.5,"Instructor:
Arun Motoori",E£749.99,189,493,All Levels,,,E£999.99,749.99,E£
Programming Java for Beginners - The Ultimate Java Tutorial,Learn Java Programming at your own Pace. Comes Complete with Working Files and a Verifiable Certificate of Completion.,4.4,"Instructor:
Infinite Skills",E£519.99,10,114,All Levels,,,E£679.99,519.99,E£
Kafka fundamentals for java developers,Learn the key concepts and work hands to master Kafka in easy steps,4.5,"Instructor:
Bharath Thippireddy",E£199.99,5,111,All Levels,,,E£269.99,199.99,E£
"Java New Features - Java 14, Java 10",Hands on course to learn the new features introduced in Java and acing the Java programming interviews,4.3,"Instructor:
Ajay Wadhara",E£229.99,2,20,Beginner,,New,E£319.99,229.99,E£
Selenium WebDriver Java: Basics to Architect Bootcamp 2023,Selenium WebDriver with Java: TestNG Cucumber Maven Jenkins GitHub Selenium WebDriver Testing Frameworks DataDriven POM,4.6,"Instructor:
Cloud99 Jenkins | DevOps | Kubernetes | Terraform | Ansible",E£199.99,60,294,All Levels,,,E£999.99,199.99,E£
Oracle Certified Associate Java Programmer (OCAJP) 1Z0-808,Preparation for Oracle Certification (Java Certification) 1Z0-808 & 1Z0-811 with example and home tasks.,4.5,"Instructors:
Andrii Piatakha, Learn IT University",E£599.99,17,113,All Levels,,,E£799.99,599.99,E£
Advanced Selenium WebDriver with Java and TestNG,Real-world example of Advanced Selenium WebDriver test automation framework with Java and TestNG | Selenium tutorial,4.6,"Instructor:
Dmitry Shyshkin",E£199.99,4.5,51,Intermediate,,,E£269.99,199.99,E£
The Java Design Patterns Course,Understand the how and the why of the gang of four design patterns using Java.,4.1,"Instructors:
Tim Buchalka's Learn Programming Academy, Jason Fedin",E£749.99,24,157,Intermediate,,,E£999.99,749.99,E£
Java Applications: Building Apps with Java,Get an introduction to Java programming while you learn to develop Java applications,4.0,"Instructor:
Adapption Tech",E£199.99,2,26,All Levels,,,E£269.99,199.99,E£
Java Web Services Part 2 - SOAP and REST Security,Master advanced web services concepts and implement them in easy steps,4.8,"Instructor:
Bharath Thippireddy",E£199.99,4.5,107,Intermediate,,Highest rated,E£999.99,199.99,E£
Learn AWS - Deploy Java Spring Boot to AWS Elastic Beanstalk,Learn AWS deploying Java Spring Boot Apps to AWS Elastic Beanstalk. Take Java Spring Boot REST APIs & Full Stack to AWS.,4.4,"Instructor:
in28Minutes Official",E£629.99,6.5,66,Beginner,,,E£849.99,629.99,E£
"Clean Code with Java: Learn Simple Design, Refactoring & TDD","Write Clean Code with Java. Learn Simple Design, Refactoring and Test Driven Development - TDD.",4.5,"Instructor:
in28Minutes Official",E£619.99,4.5,48,All Levels,,,E£819.99,619.99,E£
Java: a COMPLETE tutorial from ZERO to JDBC,Learn Java programming language from start to finish with Oracle Java certified expert Mr Lawrence Decamora,4.4,"Instructors:
LearningWhilePracticing LWP, Lawrence Decamora",E£199.99,20,154,All Levels,,,E£269.99,199.99,E£
Complete Step By Step Java For Testers,A-Z guide for learning Java what's perfectly right for your Selenium WebDriver and Test Automation needs,4.5,"Instructor:
Lets Kode It",E£269.99,8.5,53,All Levels,,,E£349.99,269.99,E£
Test your Core Java skills,139 multiple choice questions to test your Core Java skills,4.6,"Instructor:
Udayan Khattry",E£199.99,,,,,,E£269.99,199.99,E£
Java Interview preparation,"If you know java basic , Its time to learn java concepts . So that you can level up your java skills",4.1,"Instructor:
ProTeach Tech",E£199.99,16.5,70,Expert,,,E£269.99,199.99,E£
Java Spring Boot Using Intellij | Build a Real-world Project,"Learn Java Spring Boot (SpringBoot), Thymeleaf, JPA, API, Postman, Intellij by Build Real World Web Application Project",4.6,"Instructors:
Faisal Memon, EmbarkX Official",E£749.99,17,150,Intermediate,,,E£999.99,749.99,E£
Reactive Programming in Modern Java using Project Reactor,Learn to write fast performing Asynchronous and NonBlocking code using the Reactive Programming principles and Reactor.,4.3,"Instructor:
Pragmatic Code School",E£199.99,7,82,All Levels,,,E£999.99,199.99,E£
Project Development Using JAVA for Beginners - 2023,Learn Java from scratch and become Software Engineer.,4.2,"Instructor:
Hemanth kumar",E£229.99,45.5,122,All Levels,,,E£319.99,229.99,E£
Servlets and JSPs Tutorial: Learn Web Applications With Java,Learn how to create dynamic websites using the Java programming language with this java web application tutorial,4.6,"Instructor:
John Purcell",E£229.99,10,64,All Levels,,,E£319.99,229.99,E£
Selenium Java : Beginner to Advanced [Live Project],"Includes Selenium 4, and 217 in-depth organized sessions (136+ hours), Real time Live Project and Interview Questions.",4.5,"Instructor:
Arun Motoori",E£749.99,189,493,All Levels,,,E£999.99,749.99,E£
Programming Java for Beginners - The Ultimate Java Tutorial,Learn Java Programming at your own Pace. Comes Complete with Working Files and a Verifiable Certificate of Completion.,4.4,"Instructor:
Infinite Skills",E£519.99,10,114,All Levels,,,E£679.99,519.99,E£
Kafka fundamentals for java developers,Learn the key concepts and work hands to master Kafka in easy steps,4.5,"Instructor:
Bharath Thippireddy",E£199.99,5,111,All Levels,,,E£269.99,199.99,E£
"Java New Features - Java 14, Java 10",Hands on course to learn the new features introduced in Java and acing the Java programming interviews,4.3,"Instructor:
Ajay Wadhara",E£229.99,2,20,Beginner,,New,E£319.99,229.99,E£
Selenium WebDriver Java: Basics to Architect Bootcamp 2023,Selenium WebDriver with Java: TestNG Cucumber Maven Jenkins GitHub Selenium WebDriver Testing Frameworks DataDriven POM,4.6,"Instructor:
Cloud99 Jenkins | DevOps | Kubernetes | Terraform | Ansible",E£199.99,60,294,All Levels,,,E£999.99,199.99,E£
Oracle Certified Associate Java Programmer (OCAJP) 1Z0-808,Preparation for Oracle Certification (Java Certification) 1Z0-808 & 1Z0-811 with example and home tasks.,4.5,"Instructors:
Andrii Piatakha, Learn IT University",E£599.99,17,113,All Levels,,,E£799.99,599.99,E£
Advanced Selenium WebDriver with Java and TestNG,Real-world example of Advanced Selenium WebDriver test automation framework with Java and TestNG | Selenium tutorial,4.6,"Instructor:
Dmitry Shyshkin",E£199.99,4.5,51,Intermediate,,,E£269.99,199.99,E£
The Java Design Patterns Course,Understand the how and the why of the gang of four design patterns using Java.,4.1,"Instructors:
Tim Buchalka's Learn Programming Academy, Jason Fedin",E£749.99,24,157,Intermediate,,,E£999.99,749.99,E£
Java Applications: Building Apps with Java,Get an introduction to Java programming while you learn to develop Java applications,4.0,"Instructor:
Adapption Tech",E£199.99,2,26,All Levels,,,E£269.99,199.99,E£
Java Web Services Part 2 - SOAP and REST Security,Master advanced web services concepts and implement them in easy steps,4.8,"Instructor:
Bharath Thippireddy",E£199.99,4.5,107,Intermediate,,Highest rated,E£999.99,199.99,E£
Learn AWS - Deploy Java Spring Boot to AWS Elastic Beanstalk,Learn AWS deploying Java Spring Boot Apps to AWS Elastic Beanstalk. Take Java Spring Boot REST APIs & Full Stack to AWS.,4.4,"Instructor:
in28Minutes Official",E£629.99,6.5,66,Beginner,,,E£849.99,629.99,E£
"Clean Code with Java: Learn Simple Design, Refactoring & TDD","Write Clean Code with Java. Learn Simple Design, Refactoring and Test Driven Development - TDD.",4.5,"Instructor:
in28Minutes Official",E£619.99,4.5,48,All Levels,,,E£819.99,619.99,E£
Java: a COMPLETE tutorial from ZERO to JDBC,Learn Java programming language from start to finish with Oracle Java certified expert Mr Lawrence Decamora,4.4,"Instructors:
LearningWhilePracticing LWP, Lawrence Decamora",E£199.99,20,154,All Levels,,,E£269.99,199.99,E£
Complete Step By Step Java For Testers,A-Z guide for learning Java what's perfectly right for your Selenium WebDriver and Test Automation needs,4.5,"Instructor:
Lets Kode It",E£269.99,8.5,53,All Levels,,,E£349.99,269.99,E£
Test your Core Java skills,139 multiple choice questions to test your Core Java skills,4.6,"Instructor:
Udayan Khattry",E£199.99,,,,,,E£269.99,199.99,E£
Java Interview preparation,"If you know java basic , Its time to learn java concepts . So that you can level up your java skills",4.1,"Instructor:
ProTeach Tech",E£199.99,16.5,70,Expert,,,E£269.99,199.99,E£
Java Spring Boot Using Intellij | Build a Real-world Project,"Learn Java Spring Boot (SpringBoot), Thymeleaf, JPA, API, Postman, Intellij by Build Real World Web Application Project",4.6,"Instructors:
Faisal Memon, EmbarkX Official",E£749.99,17,150,Intermediate,,,E£999.99,749.99,E£
Reactive Programming in Modern Java using Project Reactor,Learn to write fast performing Asynchronous and NonBlocking code using the Reactive Programming principles and Reactor.,4.3,"Instructor:
Pragmatic Code School",E£199.99,7,82,All Levels,,,E£999.99,199.99,E£
Project Development Using JAVA for Beginners - 2023,Learn Java from scratch and become Software Engineer.,4.2,"Instructor:
Hemanth kumar",E£229.99,45.5,122,All Levels,,,E£319.99,229.99,E£
Servlets and JSPs Tutorial: Learn Web Applications With Java,Learn how to create dynamic websites using the Java programming language with this java web application tutorial,4.6,"Instructor:
John Purcell",E£229.99,10,64,All Levels,,,E£319.99,229.99,E£
Selenium Java : Beginner to Advanced [Live Project],"Includes Selenium 4, and 217 in-depth organized sessions (136+ hours), Real time Live Project and Interview Questions.",4.5,"Instructor:
Arun Motoori",E£749.99,189,493,All Levels,,,E£999.99,749.99,E£
Programming Java for Beginners - The Ultimate Java Tutorial,Learn Java Programming at your own Pace. Comes Complete with Working Files and a Verifiable Certificate of Completion.,4.4,"Instructor:
Infinite Skills",E£519.99,10,114,All Levels,,,E£679.99,519.99,E£
Kafka fundamentals for java developers,Learn the key concepts and work hands to master Kafka in easy steps,4.5,"Instructor:
Bharath Thippireddy",E£199.99,5,111,All Levels,,,E£269.99,199.99,E£
"Java New Features - Java 14, Java 10",Hands on course to learn the new features introduced in Java and acing the Java programming interviews,4.3,"Instructor:
Ajay Wadhara",E£229.99,2,20,Beginner,,New,E£319.99,229.99,E£
Selenium WebDriver Java: Basics to Architect Bootcamp 2023,Selenium WebDriver with Java: TestNG Cucumber Maven Jenkins GitHub Selenium WebDriver Testing Frameworks DataDriven POM,4.6,"Instructor:
Cloud99 Jenkins | DevOps | Kubernetes | Terraform | Ansible",E£199.99,60,294,All Levels,,,E£999.99,199.99,E£
Oracle Certified Associate Java Programmer (OCAJP) 1Z0-808,Preparation for Oracle Certification (Java Certification) 1Z0-808 & 1Z0-811 with example and home tasks.,4.5,"Instructors:
Andrii Piatakha, Learn IT University",E£599.99,17,113,All Levels,,,E£799.99,599.99,E£
Advanced Selenium WebDriver with Java and TestNG,Real-world example of Advanced Selenium WebDriver test automation framework with Java and TestNG | Selenium tutorial,4.6,"Instructor:
Dmitry Shyshkin",E£199.99,4.5,51,Intermediate,,,E£269.99,199.99,E£
The Java Design Patterns Course,Understand the how and the why of the gang of four design patterns using Java.,4.1,"Instructors:
Tim Buchalka's Learn Programming Academy, Jason Fedin",E£749.99,24,157,Intermediate,,,E£999.99,749.99,E£
Java Applications: Building Apps with Java,Get an introduction to Java programming while you learn to develop Java applications,4.0,"Instructor:
Adapption Tech",E£199.99,2,26,All Levels,,,E£269.99,199.99,E£
Java Web Services Part 2 - SOAP and REST Security,Master advanced web services concepts and implement them in easy steps,4.8,"Instructor:
Bharath Thippireddy",E£199.99,4.5,107,Intermediate,,Highest rated,E£999.99,199.99,E£
Learn AWS - Deploy Java Spring Boot to AWS Elastic Beanstalk,Learn AWS deploying Java Spring Boot Apps to AWS Elastic Beanstalk. Take Java Spring Boot REST APIs & Full Stack to AWS.,4.4,"Instructor:
in28Minutes Official",E£629.99,6.5,66,Beginner,,,E£849.99,629.99,E£
"Clean Code with Java: Learn Simple Design, Refactoring & TDD","Write Clean Code with Java. Learn Simple Design, Refactoring and Test Driven Development - TDD.",4.5,"Instructor:
in28Minutes Official",E£619.99,4.5,48,All Levels,,,E£819.99,619.99,E£
Java: a COMPLETE tutorial from ZERO to JDBC,Learn Java programming language from start to finish with Oracle Java certified expert Mr Lawrence Decamora,4.4,"Instructors:
LearningWhilePracticing LWP, Lawrence Decamora",E£199.99,20,154,All Levels,,,E£269.99,199.99,E£
Complete Step By Step Java For Testers,A-Z guide for learning Java what's perfectly right for your Selenium WebDriver and Test Automation needs,4.5,"Instructor:
Lets Kode It",E£269.99,8.5,53,All Levels,,,E£349.99,269.99,E£
Test your Core Java skills,139 multiple choice questions to test your Core Java skills,4.6,"Instructor:
Udayan Khattry",E£199.99,,,,,,E£269.99,199.99,E£
Java Interview preparation,"If you know java basic , Its time to learn java concepts . So that you can level up your java skills",4.1,"Instructor:
ProTeach Tech",E£199.99,16.5,70,Expert,,,E£269.99,199.99,E£
Java Spring Boot Using Intellij | Build a Real-world Project,"Learn Java Spring Boot (SpringBoot), Thymeleaf, JPA, API, Postman, Intellij by Build Real World Web Application Project",4.6,"Instructors:
Faisal Memon, EmbarkX Official",E£749.99,17,150,Intermediate,,,E£999.99,749.99,E£
Reactive Programming in Modern Java using Project Reactor,Learn to write fast performing Asynchronous and NonBlocking code using the Reactive Programming principles and Reactor.,4.3,"Instructor:
Pragmatic Code School",E£199.99,7,82,All Levels,,,E£999.99,199.99,E£
Project Development Using JAVA for Beginners - 2023,Learn Java from scratch and become Software Engineer.,4.2,"Instructor:
Hemanth kumar",E£229.99,45.5,122,All Levels,,,E£319.99,229.99,E£
Servlets and JSPs Tutorial: Learn Web Applications With Java,Learn how to create dynamic websites using the Java programming language with this java web application tutorial,4.6,"Instructor:
John Purcell",E£229.99,10,64,All Levels,,,E£319.99,229.99,E£
Selenium Java : Beginner to Advanced [Live Project],"Includes Selenium 4, and 217 in-depth organized sessions (136+ hours), Real time Live Project and Interview Questions.",4.5,"Instructor:
Arun Motoori",E£749.99,189,493,All Levels,,,E£999.99,749.99,E£
Programming Java for Beginners - The Ultimate Java Tutorial,Learn Java Programming at your own Pace. Comes Complete with Working Files and a Verifiable Certificate of Completion.,4.4,"Instructor:
Infinite Skills",E£519.99,10,114,All Levels,,,E£679.99,519.99,E£
Kafka fundamentals for java developers,Learn the key concepts and work hands to master Kafka in easy steps,4.5,"Instructor:
Bharath Thippireddy",E£199.99,5,111,All Levels,,,E£269.99,199.99,E£
"Java New Features - Java 14, Java 10",Hands on course to learn the new features introduced in Java and acing the Java programming interviews,4.3,"Instructor:
Ajay Wadhara",E£229.99,2,20,Beginner,,New,E£319.99,229.99,E£
Selenium WebDriver Java: Basics to Architect Bootcamp 2023,Selenium WebDriver with Java: TestNG Cucumber Maven Jenkins GitHub Selenium WebDriver Testing Frameworks DataDriven POM,4.6,"Instructor:
Cloud99 Jenkins | DevOps | Kubernetes | Terraform | Ansible",E£199.99,60,294,All Levels,,,E£999.99,199.99,E£
Oracle Certified Associate Java Programmer (OCAJP) 1Z0-808,Preparation for Oracle Certification (Java Certification) 1Z0-808 & 1Z0-811 with example and home tasks.,4.5,"Instructors:
Andrii Piatakha, Learn IT University",E£599.99,17,113,All Levels,,,E£799.99,599.99,E£
Advanced Selenium WebDriver with Java and TestNG,Real-world example of Advanced Selenium WebDriver test automation framework with Java and TestNG | Selenium tutorial,4.6,"Instructor:
Dmitry Shyshkin",E£199.99,4.5,51,Intermediate,,,E£269.99,199.99,E£
The Java Design Patterns Course,Understand the how and the why of the gang of four design patterns using Java.,4.1,"Instructors:
Tim Buchalka's Learn Programming Academy, Jason Fedin",E£749.99,24,157,Intermediate,,,E£999.99,749.99,E£
Java Applications: Building Apps with Java,Get an introduction to Java programming while you learn to develop Java applications,4.0,"Instructor:
Adapption Tech",E£199.99,2,26,All Levels,,,E£269.99,199.99,E£
Java Web Services Part 2 - SOAP and REST Security,Master advanced web services concepts and implement them in easy steps,4.8,"Instructor:
Bharath Thippireddy",E£199.99,4.5,107,Intermediate,,Highest rated,E£999.99,199.99,E£
Learn AWS - Deploy Java Spring Boot to AWS Elastic Beanstalk,Learn AWS deploying Java Spring Boot Apps to AWS Elastic Beanstalk. Take Java Spring Boot REST APIs & Full Stack to AWS.,4.4,"Instructor:
in28Minutes Official",E£629.99,6.5,66,Beginner,,,E£849.99,629.99,E£
"Clean Code with Java: Learn Simple Design, Refactoring & TDD","Write Clean Code with Java. Learn Simple Design, Refactoring and Test Driven Development - TDD.",4.5,"Instructor:
in28Minutes Official",E£619.99,4.5,48,All Levels,,,E£819.99,619.99,E£
Java: a COMPLETE tutorial from ZERO to JDBC,Learn Java programming language from start to finish with Oracle Java certified expert Mr Lawrence Decamora,4.4,"Instructors:
LearningWhilePracticing LWP, Lawrence Decamora",E£199.99,20,154,All Levels,,,E£269.99,199.99,E£
Complete Step By Step Java For Testers,A-Z guide for learning Java what's perfectly right for your Selenium WebDriver and Test Automation needs,4.5,"Instructor:
Lets Kode It",E£269.99,8.5,53,All Levels,,,E£349.99,269.99,E£
Test your Core Java skills,139 multiple choice questions to test your Core Java skills,4.6,"Instructor:
Udayan Khattry",E£199.99,,,,,,E£269.99,199.99,E£
Java Interview preparation,"If you know java basic , Its time to learn java concepts . So that you can level up your java skills",4.1,"Instructor:
ProTeach Tech",E£199.99,16.5,70,Expert,,,E£269.99,199.99,E£
Java Spring Boot Using Intellij | Build a Real-world Project,"Learn Java Spring Boot (SpringBoot), Thymeleaf, JPA, API, Postman, Intellij by Build Real World Web Application Project",4.6,"Instructors:
Faisal Memon, EmbarkX Official",E£749.99,17,150,Intermediate,,,E£999.99,749.99,E£
Reactive Programming in Modern Java using Project Reactor,Learn to write fast performing Asynchronous and NonBlocking code using the Reactive Programming principles and Reactor.,4.3,"Instructor:
Pragmatic Code School",E£199.99,7,82,All Levels,,,E£999.99,199.99,E£
Project Development Using JAVA for Beginners - 2023,Learn Java from scratch and become Software Engineer.,4.2,"Instructor:
Hemanth kumar",E£229.99,45.5,122,All Levels,,,E£319.99,229.99,E£
Servlets and JSPs Tutorial: Learn Web Applications With Java,Learn how to create dynamic websites using the Java programming language with this java web application tutorial,4.6,"Instructor:
John Purcell",E£229.99,10,64,All Levels,,,E£319.99,229.99,E£
Selenium Java : Beginner to Advanced [Live Project],"Includes Selenium 4, and 217 in-depth organized sessions (136+ hours), Real time Live Project and Interview Questions.",4.5,"Instructor:
Arun Motoori",E£749.99,189,493,All Levels,,,E£999.99,749.99,E£
