C Programming For Beginners - Master the C Language,"
C Programming will increase career options. Become a better dev in other languages by learning C. Pointers explained"," 4.4 ","Tim Buchalka's Learn Programming Academy, Jason Fedin","5 ","149 ",All Levels,"E£1,399.99","32,846",True
C Programming Bootcamp - The Complete C Language Course,"
C Programming 2023: Master the Fundamentals of C Programming Language. Join the Comprehensive C Bootcamp Masterclass!"," 4.5 ",Vlad Budnitski,"44 ","396 ",All Levels,E£999.99,"7,064",True
Beginning C++ Programming - From Beginner to Beyond,"
Obtain Modern C++ Object-Oriented Programming (OOP) and STL skills. C++14 and C++17 covered. C++20 info see below."," 4.6 ","Tim Buchalka's Learn Programming Academy, Dr. Frank Mitropoulos","46 ","305 ",All Levels,"E£1,599.99","65,208",False
Advanced C Programming Course,"
Become a True Master of the C Programming Language - Confidently Apply for Real Time or Embedded C Jobs or contracts!"," 4.5 ","Tim Buchalka's Learn Programming Academy, Jason Fedin","29 ","174 ",Intermediate,"E£1,199.99","4,046",False
C Programming Masterclass: Pointers & Advanced C Language,"
C Programming Advanced Topics: Pointers, Memory, Low-Level C Language and Embedded C Preparation"," 4.6 ",Vlad Budnitski,"41 ","251 ",Intermediate,"E£1,199.99",820,True
Mastering Data Structures & Algorithms using C and C++,"
Learn, Analyse and Implement Data Structure using C and C++. Learn Recursion and Sorting."," 4.6 ",Abdul Bari,"5 ","390 ",All Levels,E£999.99,"43,837",True
The Complete C Programming Bootcamp,"
Master C programming in Visual Studio Code. Learn pointers, macro and low level data manipulation. Embedded ready."," 4.5 ","Byte Garage, Byte Garage Instructors","25 ","160 ",All Levels,E£999.99,"1,259",False
Learn C++ Programming -Beginner to Advance- Deep Dive in C++,"
Classroom and Hands-on sessions- Features of C++ 11 , Exception Handling and STL - for Both Academics and Industry"," 4.6 ",Abdul Bari,"5 ","279 ",All Levels,E£999.99,"24,102",False
C Programming from scratch- Master C Programming,"
Mother Language of almost all other programming languages. Pointers explained in detail. Lots of Hands-on sessions."," 4.7 ",Priyanka Yadav Desai,"5 ","60 ",All Levels,E£269.99,359,True
2023 C Programming Bootcamp - The Complete C Language Course,"
C Programming 2023: Master the Fundamentals of C Programming Language. Join the Comprehensive C Bootcamp Masterclass!"," 4.7 ",Surendra Varma Pericherla,"12 ","84 ",All Levels,E£719.99,257,False
C-Programming for Beginners - Solid Foundations,"
Learn C the easy way, using graphical illustrations & an explanation of what happens inside the computer memory"," 4.5 ",Panagiotis Gnafakis,"5 ","90 ",Beginner,E£799.99,209,False
Microcontroller Embedded C Programming: Absolute Beginners,"
Foundation course on Embedded C programming using STM32 Microcontroller."," 4.6 ","FastBit Embedded Brain Academy, Kiran Nayak","5 ","194 ",Beginner,"E£1,299.99","10,044",True
The C++20 Masterclass : From Fundamentals to Advanced,"
Learn and Master Modern C++ From Beginning to Advanced in Plain English : C++11, C++14, C++17, C++20 and More!"," 4.6 ",Daniel Gakwaya,"115 ","584 ",All Levels,"E£1,199.99","3,290",False
C Programming Step by Step - Complete Tutorial For Beginners,"
C language tutorial from basics with C operator,loop,array,pointer,function,parameter,string,recursion,structure,file."," 4.5 ",Shibaji Paul,"5 ","152 ",All Levels,E£319.99,"3,114",False
C Programming For Beginners : Master in C Language,"
Building Blocks of C Programming: Establishing a Solid Foundation for Beginners"," 4.6 ",Nikhil Kontam,"2 ","23 ",Beginner,E£779.99,26,False
100+ C Programs for Beginners,"
Each program is explained clearly step by step. You will get a solid foundation in Coding [C Programming]."," 4.8 ",CSxFUNDA TECH,"5 ","192 ",All Levels,E£269.99,28,False
C Programming: Become A Pro! Think Like a Programmer!,"
Become a Powerful Programmer | Waste No Time | Solve A LOT Of Exercises ( 11+ hrs) | Succeed in your exams!"," 4.6 ",Ali Badran,"5 ","174 ",All Levels,E£849.99,117,False
Master The C Programming Language,"
A step by step guide to master the C Programming language with simple and easy to understand examples."," 4.8 ",Sagar Uppuluri,"5 ","84 ",Beginner,E£269.99,631,False
Delightful C - For Anyone and Everyone,"
Learn C like a Professional. Get a strong grasp of the fundamentals. Become a C wizard."," 4.1 ",Senthil Kumar Thangavelu,"21 ","158 ",Beginner,E£319.99,13,False
Mastering Microcontroller and Embedded Driver Development,"
(MCU1) Learn bare metal driver development using Embedded C: Writing drivers for STM32 GPIO,I2C,SPI,USART from scratch"," 4.6 ","FastBit Embedded Brain Academy, Kiran Nayak","5 ","278 ",All Levels,"E£1,199.99","9,516",True
C Programming For Beginners - Master the C Language,"
C Programming will increase career options. Become a better dev in other languages by learning C. Pointers explained"," 4.4 ","Tim Buchalka's Learn Programming Academy, Jason Fedin","5 ","149 ",All Levels,"E£1,399.99","32,846",True
C Programming Bootcamp - The Complete C Language Course,"
C Programming 2023: Master the Fundamentals of C Programming Language. Join the Comprehensive C Bootcamp Masterclass!"," 4.5 ",Vlad Budnitski,"44 ","396 ",All Levels,E£999.99,"7,064",True
Beginning C++ Programming - From Beginner to Beyond,"
Obtain Modern C++ Object-Oriented Programming (OOP) and STL skills. C++14 and C++17 covered. C++20 info see below."," 4.6 ","Tim Buchalka's Learn Programming Academy, Dr. Frank Mitropoulos","46 ","305 ",All Levels,"E£1,599.99","65,208",False
Advanced C Programming Course,"
Become a True Master of the C Programming Language - Confidently Apply for Real Time or Embedded C Jobs or contracts!"," 4.5 ","Tim Buchalka's Learn Programming Academy, Jason Fedin","29 ","174 ",Intermediate,"E£1,199.99","4,046",False
C Programming Masterclass: Pointers & Advanced C Language,"
C Programming Advanced Topics: Pointers, Memory, Low-Level C Language and Embedded C Preparation"," 4.6 ",Vlad Budnitski,"41 ","251 ",Intermediate,"E£1,199.99",820,True
Mastering Data Structures & Algorithms using C and C++,"
Learn, Analyse and Implement Data Structure using C and C++. Learn Recursion and Sorting."," 4.6 ",Abdul Bari,"5 ","390 ",All Levels,E£999.99,"43,837",True
The Complete C Programming Bootcamp,"
Master C programming in Visual Studio Code. Learn pointers, macro and low level data manipulation. Embedded ready."," 4.5 ","Byte Garage, Byte Garage Instructors","25 ","160 ",All Levels,E£999.99,"1,259",False
Learn C++ Programming -Beginner to Advance- Deep Dive in C++,"
Classroom and Hands-on sessions- Features of C++ 11 , Exception Handling and STL - for Both Academics and Industry"," 4.6 ",Abdul Bari,"5 ","279 ",All Levels,E£999.99,"24,102",False
C Programming from scratch- Master C Programming,"
Mother Language of almost all other programming languages. Pointers explained in detail. Lots of Hands-on sessions."," 4.7 ",Priyanka Yadav Desai,"5 ","60 ",All Levels,E£269.99,359,True
2023 C Programming Bootcamp - The Complete C Language Course,"
C Programming 2023: Master the Fundamentals of C Programming Language. Join the Comprehensive C Bootcamp Masterclass!"," 4.7 ",Surendra Varma Pericherla,"12 ","84 ",All Levels,E£719.99,257,False
C-Programming for Beginners - Solid Foundations,"
Learn C the easy way, using graphical illustrations & an explanation of what happens inside the computer memory"," 4.5 ",Panagiotis Gnafakis,"5 ","90 ",Beginner,E£799.99,209,False
Microcontroller Embedded C Programming: Absolute Beginners,"
Foundation course on Embedded C programming using STM32 Microcontroller."," 4.6 ","FastBit Embedded Brain Academy, Kiran Nayak","5 ","194 ",Beginner,"E£1,299.99","10,044",True
The C++20 Masterclass : From Fundamentals to Advanced,"
Learn and Master Modern C++ From Beginning to Advanced in Plain English : C++11, C++14, C++17, C++20 and More!"," 4.6 ",Daniel Gakwaya,"115 ","584 ",All Levels,"E£1,199.99","3,290",False
C Programming Step by Step - Complete Tutorial For Beginners,"
C language tutorial from basics with C operator,loop,array,pointer,function,parameter,string,recursion,structure,file."," 4.5 ",Shibaji Paul,"5 ","152 ",All Levels,E£319.99,"3,114",False
C Programming For Beginners : Master in C Language,"
Building Blocks of C Programming: Establishing a Solid Foundation for Beginners"," 4.6 ",Nikhil Kontam,"2 ","23 ",Beginner,E£779.99,26,False
100+ C Programs for Beginners,"
Each program is explained clearly step by step. You will get a solid foundation in Coding [C Programming]."," 4.8 ",CSxFUNDA TECH,"5 ","192 ",All Levels,E£269.99,28,False
C Programming: Become A Pro! Think Like a Programmer!,"
Become a Powerful Programmer | Waste No Time | Solve A LOT Of Exercises ( 11+ hrs) | Succeed in your exams!"," 4.6 ",Ali Badran,"5 ","174 ",All Levels,E£849.99,117,False
Master The C Programming Language,"
A step by step guide to master the C Programming language with simple and easy to understand examples."," 4.8 ",Sagar Uppuluri,"5 ","84 ",Beginner,E£269.99,631,False
Delightful C - For Anyone and Everyone,"
Learn C like a Professional. Get a strong grasp of the fundamentals. Become a C wizard."," 4.1 ",Senthil Kumar Thangavelu,"21 ","158 ",Beginner,E£319.99,13,False
Mastering Microcontroller and Embedded Driver Development,"
(MCU1) Learn bare metal driver development using Embedded C: Writing drivers for STM32 GPIO,I2C,SPI,USART from scratch"," 4.6 ","FastBit Embedded Brain Academy, Kiran Nayak","5 ","278 ",All Levels,"E£1,199.99","9,516",True
C Programming For Beginners - Master the C Language,"
C Programming will increase career options. Become a better dev in other languages by learning C. Pointers explained"," 4.4 ","Tim Buchalka's Learn Programming Academy, Jason Fedin","5 ","149 ",All Levels,"E£1,399.99","32,846",True
C Programming Bootcamp - The Complete C Language Course,"
C Programming 2023: Master the Fundamentals of C Programming Language. Join the Comprehensive C Bootcamp Masterclass!"," 4.5 ",Vlad Budnitski,"44 ","396 ",All Levels,E£999.99,"7,064",True
Beginning C++ Programming - From Beginner to Beyond,"
Obtain Modern C++ Object-Oriented Programming (OOP) and STL skills. C++14 and C++17 covered. C++20 info see below."," 4.6 ","Tim Buchalka's Learn Programming Academy, Dr. Frank Mitropoulos","46 ","305 ",All Levels,"E£1,599.99","65,208",False
Advanced C Programming Course,"
Become a True Master of the C Programming Language - Confidently Apply for Real Time or Embedded C Jobs or contracts!"," 4.5 ","Tim Buchalka's Learn Programming Academy, Jason Fedin","29 ","174 ",Intermediate,"E£1,199.99","4,046",False
C Programming Masterclass: Pointers & Advanced C Language,"
C Programming Advanced Topics: Pointers, Memory, Low-Level C Language and Embedded C Preparation"," 4.6 ",Vlad Budnitski,"41 ","251 ",Intermediate,"E£1,199.99",820,True
Mastering Data Structures & Algorithms using C and C++,"
Learn, Analyse and Implement Data Structure using C and C++. Learn Recursion and Sorting."," 4.6 ",Abdul Bari,"5 ","390 ",All Levels,E£999.99,"43,837",True
The Complete C Programming Bootcamp,"
Master C programming in Visual Studio Code. Learn pointers, macro and low level data manipulation. Embedded ready."," 4.5 ","Byte Garage, Byte Garage Instructors","25 ","160 ",All Levels,E£999.99,"1,259",False
Learn C++ Programming -Beginner to Advance- Deep Dive in C++,"
Classroom and Hands-on sessions- Features of C++ 11 , Exception Handling and STL - for Both Academics and Industry"," 4.6 ",Abdul Bari,"5 ","279 ",All Levels,E£999.99,"24,102",False
C Programming from scratch- Master C Programming,"
Mother Language of almost all other programming languages. Pointers explained in detail. Lots of Hands-on sessions."," 4.7 ",Priyanka Yadav Desai,"5 ","60 ",All Levels,E£269.99,359,True
2023 C Programming Bootcamp - The Complete C Language Course,"
C Programming 2023: Master the Fundamentals of C Programming Language. Join the Comprehensive C Bootcamp Masterclass!"," 4.7 ",Surendra Varma Pericherla,"12 ","84 ",All Levels,E£719.99,257,False
C-Programming for Beginners - Solid Foundations,"
Learn C the easy way, using graphical illustrations & an explanation of what happens inside the computer memory"," 4.5 ",Panagiotis Gnafakis,"5 ","90 ",Beginner,E£799.99,209,False
Microcontroller Embedded C Programming: Absolute Beginners,"
Foundation course on Embedded C programming using STM32 Microcontroller."," 4.6 ","FastBit Embedded Brain Academy, Kiran Nayak","5 ","194 ",Beginner,"E£1,299.99","10,044",True
The C++20 Masterclass : From Fundamentals to Advanced,"
Learn and Master Modern C++ From Beginning to Advanced in Plain English : C++11, C++14, C++17, C++20 and More!"," 4.6 ",Daniel Gakwaya,"115 ","584 ",All Levels,"E£1,199.99","3,290",False
C Programming Step by Step - Complete Tutorial For Beginners,"
C language tutorial from basics with C operator,loop,array,pointer,function,parameter,string,recursion,structure,file."," 4.5 ",Shibaji Paul,"5 ","152 ",All Levels,E£319.99,"3,114",False
C Programming For Beginners : Master in C Language,"
Building Blocks of C Programming: Establishing a Solid Foundation for Beginners"," 4.6 ",Nikhil Kontam,"2 ","23 ",Beginner,E£779.99,26,False
100+ C Programs for Beginners,"
Each program is explained clearly step by step. You will get a solid foundation in Coding [C Programming]."," 4.8 ",CSxFUNDA TECH,"5 ","192 ",All Levels,E£269.99,28,False
C Programming: Become A Pro! Think Like a Programmer!,"
Become a Powerful Programmer | Waste No Time | Solve A LOT Of Exercises ( 11+ hrs) | Succeed in your exams!"," 4.6 ",Ali Badran,"5 ","174 ",All Levels,E£849.99,117,False
Master The C Programming Language,"
A step by step guide to master the C Programming language with simple and easy to understand examples."," 4.8 ",Sagar Uppuluri,"5 ","84 ",Beginner,E£269.99,631,False
Delightful C - For Anyone and Everyone,"
Learn C like a Professional. Get a strong grasp of the fundamentals. Become a C wizard."," 4.1 ",Senthil Kumar Thangavelu,"21 ","158 ",Beginner,E£319.99,13,False
Mastering Microcontroller and Embedded Driver Development,"
(MCU1) Learn bare metal driver development using Embedded C: Writing drivers for STM32 GPIO,I2C,SPI,USART from scratch"," 4.6 ","FastBit Embedded Brain Academy, Kiran Nayak","5 ","278 ",All Levels,"E£1,199.99","9,516",True
C Programming For Beginners - Master the C Language,"
C Programming will increase career options. Become a better dev in other languages by learning C. Pointers explained"," 4.4 ","Tim Buchalka's Learn Programming Academy, Jason Fedin","5 ","149 ",All Levels,"E£1,399.99","32,846",True
C Programming Bootcamp - The Complete C Language Course,"
C Programming 2023: Master the Fundamentals of C Programming Language. Join the Comprehensive C Bootcamp Masterclass!"," 4.5 ",Vlad Budnitski,"44 ","396 ",All Levels,E£999.99,"7,064",True
Beginning C++ Programming - From Beginner to Beyond,"
Obtain Modern C++ Object-Oriented Programming (OOP) and STL skills. C++14 and C++17 covered. C++20 info see below."," 4.6 ","Tim Buchalka's Learn Programming Academy, Dr. Frank Mitropoulos","46 ","305 ",All Levels,"E£1,599.99","65,208",False
Advanced C Programming Course,"
Become a True Master of the C Programming Language - Confidently Apply for Real Time or Embedded C Jobs or contracts!"," 4.5 ","Tim Buchalka's Learn Programming Academy, Jason Fedin","29 ","174 ",Intermediate,"E£1,199.99","4,046",False
C Programming Masterclass: Pointers & Advanced C Language,"
C Programming Advanced Topics: Pointers, Memory, Low-Level C Language and Embedded C Preparation"," 4.6 ",Vlad Budnitski,"41 ","251 ",Intermediate,"E£1,199.99",820,True
Mastering Data Structures & Algorithms using C and C++,"
Learn, Analyse and Implement Data Structure using C and C++. Learn Recursion and Sorting."," 4.6 ",Abdul Bari,"5 ","390 ",All Levels,E£999.99,"43,837",True
The Complete C Programming Bootcamp,"
Master C programming in Visual Studio Code. Learn pointers, macro and low level data manipulation. Embedded ready."," 4.5 ","Byte Garage, Byte Garage Instructors","25 ","160 ",All Levels,E£999.99,"1,259",False
Learn C++ Programming -Beginner to Advance- Deep Dive in C++,"
Classroom and Hands-on sessions- Features of C++ 11 , Exception Handling and STL - for Both Academics and Industry"," 4.6 ",Abdul Bari,"5 ","279 ",All Levels,E£999.99,"24,102",False
C Programming from scratch- Master C Programming,"
Mother Language of almost all other programming languages. Pointers explained in detail. Lots of Hands-on sessions."," 4.7 ",Priyanka Yadav Desai,"5 ","60 ",All Levels,E£269.99,359,True
2023 C Programming Bootcamp - The Complete C Language Course,"
C Programming 2023: Master the Fundamentals of C Programming Language. Join the Comprehensive C Bootcamp Masterclass!"," 4.7 ",Surendra Varma Pericherla,"12 ","84 ",All Levels,E£719.99,257,False
C-Programming for Beginners - Solid Foundations,"
Learn C the easy way, using graphical illustrations & an explanation of what happens inside the computer memory"," 4.5 ",Panagiotis Gnafakis,"5 ","90 ",Beginner,E£799.99,209,False
Microcontroller Embedded C Programming: Absolute Beginners,"
Foundation course on Embedded C programming using STM32 Microcontroller."," 4.6 ","FastBit Embedded Brain Academy, Kiran Nayak","5 ","194 ",Beginner,"E£1,299.99","10,044",True
The C++20 Masterclass : From Fundamentals to Advanced,"
Learn and Master Modern C++ From Beginning to Advanced in Plain English : C++11, C++14, C++17, C++20 and More!"," 4.6 ",Daniel Gakwaya,"115 ","584 ",All Levels,"E£1,199.99","3,290",False
C Programming Step by Step - Complete Tutorial For Beginners,"
C language tutorial from basics with C operator,loop,array,pointer,function,parameter,string,recursion,structure,file."," 4.5 ",Shibaji Paul,"5 ","152 ",All Levels,E£319.99,"3,114",False
C Programming For Beginners : Master in C Language,"
Building Blocks of C Programming: Establishing a Solid Foundation for Beginners"," 4.6 ",Nikhil Kontam,"2 ","23 ",Beginner,E£779.99,26,False
100+ C Programs for Beginners,"
Each program is explained clearly step by step. You will get a solid foundation in Coding [C Programming]."," 4.8 ",CSxFUNDA TECH,"5 ","192 ",All Levels,E£269.99,28,False
C Programming: Become A Pro! Think Like a Programmer!,"
Become a Powerful Programmer | Waste No Time | Solve A LOT Of Exercises ( 11+ hrs) | Succeed in your exams!"," 4.6 ",Ali Badran,"5 ","174 ",All Levels,E£849.99,117,False
Master The C Programming Language,"
A step by step guide to master the C Programming language with simple and easy to understand examples."," 4.8 ",Sagar Uppuluri,"5 ","84 ",Beginner,E£269.99,631,False
Delightful C - For Anyone and Everyone,"
Learn C like a Professional. Get a strong grasp of the fundamentals. Become a C wizard."," 4.1 ",Senthil Kumar Thangavelu,"21 ","158 ",Beginner,E£319.99,13,False
Mastering Microcontroller and Embedded Driver Development,"
(MCU1) Learn bare metal driver development using Embedded C: Writing drivers for STM32 GPIO,I2C,SPI,USART from scratch"," 4.6 ","FastBit Embedded Brain Academy, Kiran Nayak","5 ","278 ",All Levels,"E£1,199.99","9,516",True
C Programming For Beginners - Master the C Language,"
C Programming will increase career options. Become a better dev in other languages by learning C. Pointers explained"," 4.4 ","Tim Buchalka's Learn Programming Academy, Jason Fedin","5 ","149 ",All Levels,"E£1,399.99","32,846",True
C Programming Bootcamp - The Complete C Language Course,"
C Programming 2023: Master the Fundamentals of C Programming Language. Join the Comprehensive C Bootcamp Masterclass!"," 4.5 ",Vlad Budnitski,"44 ","396 ",All Levels,E£999.99,"7,064",True
Beginning C++ Programming - From Beginner to Beyond,"
Obtain Modern C++ Object-Oriented Programming (OOP) and STL skills. C++14 and C++17 covered. C++20 info see below."," 4.6 ","Tim Buchalka's Learn Programming Academy, Dr. Frank Mitropoulos","46 ","305 ",All Levels,"E£1,599.99","65,208",False
Advanced C Programming Course,"
Become a True Master of the C Programming Language - Confidently Apply for Real Time or Embedded C Jobs or contracts!"," 4.5 ","Tim Buchalka's Learn Programming Academy, Jason Fedin","29 ","174 ",Intermediate,"E£1,199.99","4,046",False
C Programming Masterclass: Pointers & Advanced C Language,"
C Programming Advanced Topics: Pointers, Memory, Low-Level C Language and Embedded C Preparation"," 4.6 ",Vlad Budnitski,"41 ","251 ",Intermediate,"E£1,199.99",820,True
Mastering Data Structures & Algorithms using C and C++,"
Learn, Analyse and Implement Data Structure using C and C++. Learn Recursion and Sorting."," 4.6 ",Abdul Bari,"5 ","390 ",All Levels,E£999.99,"43,837",True
The Complete C Programming Bootcamp,"
Master C programming in Visual Studio Code. Learn pointers, macro and low level data manipulation. Embedded ready."," 4.5 ","Byte Garage, Byte Garage Instructors","25 ","160 ",All Levels,E£999.99,"1,259",False
Learn C++ Programming -Beginner to Advance- Deep Dive in C++,"
Classroom and Hands-on sessions- Features of C++ 11 , Exception Handling and STL - for Both Academics and Industry"," 4.6 ",Abdul Bari,"5 ","279 ",All Levels,E£999.99,"24,102",False
C Programming from scratch- Master C Programming,"
Mother Language of almost all other programming languages. Pointers explained in detail. Lots of Hands-on sessions."," 4.7 ",Priyanka Yadav Desai,"5 ","60 ",All Levels,E£269.99,359,True
2023 C Programming Bootcamp - The Complete C Language Course,"
C Programming 2023: Master the Fundamentals of C Programming Language. Join the Comprehensive C Bootcamp Masterclass!"," 4.7 ",Surendra Varma Pericherla,"12 ","84 ",All Levels,E£719.99,257,False
C-Programming for Beginners - Solid Foundations,"
Learn C the easy way, using graphical illustrations & an explanation of what happens inside the computer memory"," 4.5 ",Panagiotis Gnafakis,"5 ","90 ",Beginner,E£799.99,209,False
Microcontroller Embedded C Programming: Absolute Beginners,"
Foundation course on Embedded C programming using STM32 Microcontroller."," 4.6 ","FastBit Embedded Brain Academy, Kiran Nayak","5 ","194 ",Beginner,"E£1,299.99","10,044",True
The C++20 Masterclass : From Fundamentals to Advanced,"
Learn and Master Modern C++ From Beginning to Advanced in Plain English : C++11, C++14, C++17, C++20 and More!"," 4.6 ",Daniel Gakwaya,"115 ","584 ",All Levels,"E£1,199.99","3,290",False
C Programming Step by Step - Complete Tutorial For Beginners,"
C language tutorial from basics with C operator,loop,array,pointer,function,parameter,string,recursion,structure,file."," 4.5 ",Shibaji Paul,"5 ","152 ",All Levels,E£319.99,"3,114",False
C Programming For Beginners : Master in C Language,"
Building Blocks of C Programming: Establishing a Solid Foundation for Beginners"," 4.6 ",Nikhil Kontam,"2 ","23 ",Beginner,E£779.99,26,False
100+ C Programs for Beginners,"
Each program is explained clearly step by step. You will get a solid foundation in Coding [C Programming]."," 4.8 ",CSxFUNDA TECH,"5 ","192 ",All Levels,E£269.99,28,False
C Programming: Become A Pro! Think Like a Programmer!,"
Become a Powerful Programmer | Waste No Time | Solve A LOT Of Exercises ( 11+ hrs) | Succeed in your exams!"," 4.6 ",Ali Badran,"5 ","174 ",All Levels,E£849.99,117,False
Master The C Programming Language,"
A step by step guide to master the C Programming language with simple and easy to understand examples."," 4.8 ",Sagar Uppuluri,"5 ","84 ",Beginner,E£269.99,631,False
Delightful C - For Anyone and Everyone,"
Learn C like a Professional. Get a strong grasp of the fundamentals. Become a C wizard."," 4.1 ",Senthil Kumar Thangavelu,"21 ","158 ",Beginner,E£319.99,13,False
Mastering Microcontroller and Embedded Driver Development,"
(MCU1) Learn bare metal driver development using Embedded C: Writing drivers for STM32 GPIO,I2C,SPI,USART from scratch"," 4.6 ","FastBit Embedded Brain Academy, Kiran Nayak","5 ","278 ",All Levels,"E£1,199.99","9,516",True
"Complete Codecamp On C, C++, C#, Java & Python Programming!","
Obtain core programming skills & certification! Master practical C, C++, C#, Java & Python from scratch for beginners"," 4.0 ","Emenwa Global, Zoolord Academy","5 ","695 ",Beginner,E£269.99,216,False
Learn C and C++ (Beginner to Advance),"
Mastering C and C++: From Beginner to Expert"," 4.5 ",Selfcode Academy,"5 ","41 ",All Levels,E£269.99,71,False
Secure Coding in C/C++,"
Master Secure C/C++ Programming: Uncover Flaws, Learn Defensive Programming Techniques & Design Robust, Secure Software"," 4.5 ",Karoly Nyisztor • Professional Software Architect,"5 ","28 ",Intermediate,E£779.99,73,False
"CMake, Tests and Tooling for C/C++ Projects [2022 Edition]","
Learn to master modern CMake Projects, Unit Tests, Continuous Tools and more to use in your daily C/C++ workflow!"," 4.6 ",Jan Schaffranek,"5 ","51 ",Intermediate,E£999.99,728,True
"C, C++, Python and Ruby Programming","
C, C++, Python and Ruby python programming Courses with Practical Examples"," 4.6 ",Doedu education,"5 ","307 ",All Levels,E£269.99,542,False
C Programming For Beginners,"
Learn C programming for beginners, Learn programming fundamentals, Be able to create C applications"," 4.4 ",Luke's Programming School,"5 ","34 ",All Levels,E£319.99,143,False
C Programming For Beginners - Master in C Language,"
Building a Strong Foundation in C Programming: Master the Language from Scratch"," 4.4 ",Ganesh Kadam,"2 ","26 ",Beginner,E£269.99,27,False
Learn C By Examples : Basics to Advanced Comprehensive Guide,"
Concepts and Programming, Deep drive into Pointers, Demo of 60+ Coding Challenges, Build & Test Your C with 300+ MCQ"," 4.2 ",Dr. Sandeep Thorat,"5 ","254 ",All Levels,E£319.99,"1,146",False
Complete C++20 Visual and Practical Course: Zero to Mastery,"
Beginners to Expert Modern C++: A Deep Dive into C++14, C++17, & C++20 Through Visual Learning and Real-World Projects"," 4.8 ",Rahmat M,"5 ","295 ",All Levels,E£849.99,32,False
Loops and Patterns in C - Tips and tricks,"
Programming in C"," 4.5 ",shravan Kumar Manthri,"7 ","32 ",All Levels,E£269.99,53,False
Learn C Programming with 100+ Practical Examples,"
Includes advanced topics such as Pointers, Structure, I/O Files, Command Prompt Arguments and a lots more topics"," 5.0 ",Shahram Taheri,"5 ","101 ",All Levels,E£779.99,20,False
Complete Modern C++ (C++11/14/17),"
Learn about move semantics, lambda expressions, smart pointers, concurrency, template, STL & more"," 4.5 ",Umar Lone,"20 ","234 ",All Levels,"E£1,199.99","6,171",False
Mastering C Programming: From Basic to Advanced Techniques,"
Unlock the Full Potential of C Programming with Easy-to-Follow Techniques: Advanced Techniques and Best Practices"," 4.4 ",Tosin E. Peters,"5 ","46 ",All Levels,E£269.99,82,False
Advanced C Programming: Pointers,"
Master pointers, addresses and memory allocation in C"," 4.5 ",Huw Collingbourne,"4 ","65 ",Intermediate,E£269.99,"3,174",False
Learn Advanced Modern C++,"
Take your knowledge of C++ to the next level!"," 4.5 ",James Raynard,"24 ","231 ",Intermediate,"E£1,199.99","1,007",True
Introduction to C Programming,"
A simple C programming course for absolute beginners"," 4.5 ",Paul Chin,"5 ","38 ",Beginner,E£999.99,90,False
Creating A Chip-8 Emulator In C,"
Learn to create an emulator for a 1970s machine!"," 4.7 ",Daniel McCarthy,"5 ","17 ",Intermediate,"E£1,199.99",328,False
"What's New in C#7, C#8, C#9 and C#10","
Learn about latest features of C#7, C#8, C#9 and C#10"," 4.5 ",Dmitri Nesteruk,"5 ","41 ",Beginner,E£319.99,"1,714",False
The Complete C Course,"
Learn C in this course and become a Computer Programmer. Obtain valuable C skills and problem solving strategy"," 3.9 ",Shubham Panchal,"39 ","308 ",Beginner,E£269.99,151,False
Advance C Programming : Pointers (In Depth Hands On),"
Mastering Pointer in C Programming with Array of Pointers,1D Arrays, 2D Arrays,Function pointers,Pointers to strings etc"," 4.6 ",Up Degree,"11 ","89 ",Intermediate,E£269.99,86,False
