Course Name,Description,Rate,Instructor,Total Hours,lectures,Level,Price,Number Of Rated Users,Bestseller,Original Price
El viaje del diseñador: Curso teórico de videojuegos,Aprende sobre el noble arte de diseñar videojuegos,4.9,"Instructor:
Shodyamsu Gisah",25.5,171,All Levels,E£199.99,,,E£269.99
Criar Jogos com Inteligência Artificial para Iniciantes,Domine o Design de Jogos SEM Programação ou Habilidades Artísticas: Use IA com ChatGPT para Produzir Games com Unity,4.0,"Instructor:
Dimitri Kozma",32.5,37,Beginner,E£599.99,,,E£799.99
Servicios REST Minimal API crea y consume en Asp Net Core,Aprende a crear Minimal API de cero,4.7,"Instructor:
Licito Hurol",s5,97,All Levels,E£199.99,,,E£269.99
Aplikasi Stok Barang VBA Macro Excel,Panduan penggunaan aplikasi stok barang VBA Macro Excel siap pakai senilai Rp. 500.000 yang dapat di download.,4.5,"Instructor:
Yudhy Wicaksono",,11,All Levels,E£199.99,,,E£269.99
Grundkurs Physik - Kinematik,Kinematik und Differential- und Integralrechnung in der Physik,5.0,"Instructor:
Bernhard Walther",6.5,20,Intermediate,E£199.99,,,E£269.99
Les secrets d'un TIPE réussi : Méthode de A à Z (2/2),TIPE 2022/2023 : la ville,5.0,"Instructor:
Youness ES-SEBIY",1.5,17,Expert,E£199.99,,,E£269.99
".NET 8 Inyección de Dependencias, Code First, Repositorios","Curso de .NET 8 donde Aprenderás: Inyección de Dependencias, Code First, Patrón de Repositorio y Unidad de Trabajo.",3.9,"Instructor:
render2web . 100.000+ Estudiantes en Todo el Mundo",s6,58,All Levels,E£199.99,,,E£269.99
Langage C pour les débutants - Maîtriser le langage C,Learn C programming language from scratch - 50 exercices,4.8,"Instructor:
ATI ENGITECH",9.5,88,Beginner,E£629.99,,,E£849.99
"Aprendendo SSIS na pratica e do zero, com 7 projetos reais!",Desenvolva Habilidades de Integração de Dados de Ponta a Ponta com Sete Projetos Práticos no SSIS,5.0,"Instructor:
Valter Lacerda de Andrade Junior",w5,53,Beginner,E£579.99,,New,E£779.99
NET MAUI desde cero crear y consumir Web API (SQL Server),Aprende a Crear Aplicaciones en .NET MAUI consumiendo APIs creadas con Entity Framework y publicadas en un servidor,4.6,"Instructor:
Licito Hurol",s9,170,Beginner,E£629.99,,,E£849.99
Aprende ASP.NET MVC 7 Haciendo Proyectos Desde Cero,"ASP.NET Core, Dapper, SQL Server, Procedimientos Almacenados y mucho más!",0.0,"Instructor:
Juan Andres Quintanilla Calderon",s5,20,Beginner,E£199.99,,,E£269.99
Game Development Course - Begginner to Advance level,"Game development, 2d unity and programming.",0.0,"Instructor:
Ahmad Hassan",4.5,8,All Levels,E£199.99,,,E£269.99
Crie mmorpgs Definitivo Unity 3D,"Criar mmorpgs De Mercado Incríveis com historia Isekai com 36 ataques em 6 classes, + 100 skills e muito mais",4.5,"Instructor:
João Lázaro Brito Dias",87.5,134,All Levels,E£199.99,,,E£269.99
Camtasia 9 互聯網講師如何錄製屏幕視頻、視頻剪輯、視頻自媒體製作、視頻編輯、視頻包裝,本套課程專註屏幕錄製視頻的技能講解，如何使用Camtasia 9製作軟件界面視頻作品，適合分享軟件知識技能製課的自媒體人學習、可適合視頻剪輯人員 、視頻製作人員。,4.8,"Instructor:
Sjlyedu wang",s2,22,Beginner,E£199.99,,,E£269.99
Aspect Oriented Programming İle Caching Ve RabbitMQ(.Net 7),"AOP Altyapısı İle Sürdürülebilir Proje Mekanizması,Caching İle Profesyonel Yaklaşım,RabbitMQ İle Devlerin Teknikleri",5.0,"Instructor:
Fayik Veznedaroğlu",w4,31,All Levels,E£579.99,,,E£779.99
Sıfırdan RabbitMQ Öğrenelim,RabbitMQ ile Uzmanlaşın: Mesaj Kuyruklarını Etkili Bir Şekilde Yönetme ve Entegre Etme Sanatı,4.0,"Instructor:
Taner Saydam",s2,21,Intermediate,E£629.99,,New,E£849.99
Python for Neurons,Learn Python programming from scratch with hands-on exercises in this Python course!,0.0,"Instructor:
Shivprasad Suryawanshi",2.5,12,Beginner,E£199.99,,,E£269.99
Comunicaciones USB con PIC18F4550,Aplicaciones prácticas de la comunicación USB en sistemas electrónicos con Microcontroladores PIC18F4550,5.0,"Instructor:
Jhon Ore Sulca",s18,63,Beginner,E£199.99,,,E£269.99
"Dapper, desde cero hasta aplicaciones empresariales","Toma control total de las consultas SQL de tus aplicaciones con Dapper, reemplazando a Entity Framework",4.1,"Instructor:
Jimmy Javier",2.5,52,Beginner,E£199.99,,,E£269.99
Python für Anfänger: Ein umfassender Einstieg,Lernen Sie die Grundlagen der Programmierung mit Python und erstellen Sie Ihre eigenen Anwendungen,0.0,"Instructor:
Bianca Glaser",s1,27,Beginner,E£199.99,,,E£269.99
El viaje del diseñador: Curso teórico de videojuegos,Aprende sobre el noble arte de diseñar videojuegos,4.9,"Instructor:
Shodyamsu Gisah",25.5,171,All Levels,E£199.99,,,E£269.99
Criar Jogos com Inteligência Artificial para Iniciantes,Domine o Design de Jogos SEM Programação ou Habilidades Artísticas: Use IA com ChatGPT para Produzir Games com Unity,4.0,"Instructor:
Dimitri Kozma",32.5,37,Beginner,E£599.99,,,E£799.99
Servicios REST Minimal API crea y consume en Asp Net Core,Aprende a crear Minimal API de cero,4.7,"Instructor:
Licito Hurol",s5,97,All Levels,E£199.99,,,E£269.99
Aplikasi Stok Barang VBA Macro Excel,Panduan penggunaan aplikasi stok barang VBA Macro Excel siap pakai senilai Rp. 500.000 yang dapat di download.,4.5,"Instructor:
Yudhy Wicaksono",,11,All Levels,E£199.99,,,E£269.99
Grundkurs Physik - Kinematik,Kinematik und Differential- und Integralrechnung in der Physik,5.0,"Instructor:
Bernhard Walther",6.5,20,Intermediate,E£199.99,,,E£269.99
Les secrets d'un TIPE réussi : Méthode de A à Z (2/2),TIPE 2022/2023 : la ville,5.0,"Instructor:
Youness ES-SEBIY",1.5,17,Expert,E£199.99,,,E£269.99
".NET 8 Inyección de Dependencias, Code First, Repositorios","Curso de .NET 8 donde Aprenderás: Inyección de Dependencias, Code First, Patrón de Repositorio y Unidad de Trabajo.",3.9,"Instructor:
render2web . 100.000+ Estudiantes en Todo el Mundo",s6,58,All Levels,E£199.99,,,E£269.99
Langage C pour les débutants - Maîtriser le langage C,Learn C programming language from scratch - 50 exercices,4.8,"Instructor:
ATI ENGITECH",9.5,88,Beginner,E£629.99,,,E£849.99
"Aprendendo SSIS na pratica e do zero, com 7 projetos reais!",Desenvolva Habilidades de Integração de Dados de Ponta a Ponta com Sete Projetos Práticos no SSIS,5.0,"Instructor:
Valter Lacerda de Andrade Junior",w5,53,Beginner,E£579.99,,New,E£779.99
NET MAUI desde cero crear y consumir Web API (SQL Server),Aprende a Crear Aplicaciones en .NET MAUI consumiendo APIs creadas con Entity Framework y publicadas en un servidor,4.6,"Instructor:
Licito Hurol",s9,170,Beginner,E£629.99,,,E£849.99
Aprende ASP.NET MVC 7 Haciendo Proyectos Desde Cero,"ASP.NET Core, Dapper, SQL Server, Procedimientos Almacenados y mucho más!",0.0,"Instructor:
Juan Andres Quintanilla Calderon",s5,20,Beginner,E£199.99,,,E£269.99
Game Development Course - Begginner to Advance level,"Game development, 2d unity and programming.",0.0,"Instructor:
Ahmad Hassan",4.5,8,All Levels,E£199.99,,,E£269.99
Crie mmorpgs Definitivo Unity 3D,"Criar mmorpgs De Mercado Incríveis com historia Isekai com 36 ataques em 6 classes, + 100 skills e muito mais",4.5,"Instructor:
João Lázaro Brito Dias",87.5,134,All Levels,E£199.99,,,E£269.99
Camtasia 9 互聯網講師如何錄製屏幕視頻、視頻剪輯、視頻自媒體製作、視頻編輯、視頻包裝,本套課程專註屏幕錄製視頻的技能講解，如何使用Camtasia 9製作軟件界面視頻作品，適合分享軟件知識技能製課的自媒體人學習、可適合視頻剪輯人員 、視頻製作人員。,4.8,"Instructor:
Sjlyedu wang",s2,22,Beginner,E£199.99,,,E£269.99
Aspect Oriented Programming İle Caching Ve RabbitMQ(.Net 7),"AOP Altyapısı İle Sürdürülebilir Proje Mekanizması,Caching İle Profesyonel Yaklaşım,RabbitMQ İle Devlerin Teknikleri",5.0,"Instructor:
Fayik Veznedaroğlu",w4,31,All Levels,E£579.99,,,E£779.99
Sıfırdan RabbitMQ Öğrenelim,RabbitMQ ile Uzmanlaşın: Mesaj Kuyruklarını Etkili Bir Şekilde Yönetme ve Entegre Etme Sanatı,4.0,"Instructor:
Taner Saydam",s2,21,Intermediate,E£629.99,,New,E£849.99
Python for Neurons,Learn Python programming from scratch with hands-on exercises in this Python course!,0.0,"Instructor:
Shivprasad Suryawanshi",2.5,12,Beginner,E£199.99,,,E£269.99
Comunicaciones USB con PIC18F4550,Aplicaciones prácticas de la comunicación USB en sistemas electrónicos con Microcontroladores PIC18F4550,5.0,"Instructor:
Jhon Ore Sulca",s18,63,Beginner,E£199.99,,,E£269.99
"Dapper, desde cero hasta aplicaciones empresariales","Toma control total de las consultas SQL de tus aplicaciones con Dapper, reemplazando a Entity Framework",4.1,"Instructor:
Jimmy Javier",2.5,52,Beginner,E£199.99,,,E£269.99
Python für Anfänger: Ein umfassender Einstieg,Lernen Sie die Grundlagen der Programmierung mit Python und erstellen Sie Ihre eigenen Anwendungen,0.0,"Instructor:
Bianca Glaser",s1,27,Beginner,E£199.99,,,E£269.99
CONSIGUE EMPLEO Buscar Empleo de Forma Digital,Potenciar tu curriculo en medios digitales.,0.0,"Instructor:
Hector Perez",s1,11,All Levels,E£199.99,,,E£269.99
【脱オブジェクト指向初心者！】TypeScriptで学ぶSOLID原則・デザインパターン,TypeScriptを使って5つのSOLID原則と23種類のデザインパターンを学習します。SOLID原則やデザインパターンを通じて、オブジェクト指向設計のスキルアップを目指すコースです！,4.1,"Instructor:
Yu Shinozaki",s10,79,Intermediate,E£199.99,,Bestseller,E£269.99
Pruebas unitarias con xUnit en .NET,"Curso profesional de pruebas unitarias con xUnit, Moq y coverlet para cobertura de pruebas",4.4,"Instructor:
Miguel Teheran",2.5,27,Intermediate,E£199.99,,,E£269.99
C++ Programmierung - Crashkurs,"In weniger als 3 Stunden können Studenten, Berufseinsteiger oder Interessierte die wichtigsten Themen von C++ erlernen",5.0,"Instructor:
Arshan Kazemian",2.5,21,All Levels,E£199.99,,,E£269.99
Trasarea liniei de tus ca un Profesionist!,Tehnica si secretele trasarii liniei de tus!,0.0,"Instructor:
MihaElla Bratu",,5,All Levels,E£199.99,,,E£269.99
Curso Maestro de Compiladores: ANTLR y Python,Aprende Desarrollo de Compiladores e Intérpretes con este curso 100% práctico desde cero INCLUYE PROYECTOS FINALES,4.4,"Instructor:
Lucas Bazilio",s11,49,All Levels,E£199.99,,,E£269.99
"Maneja PuntoZero punto de venta, de la A a la Z (Parte 1)","Parte 1 ( Punto de Venta, Catalogo de Productos, Compras y Reportes Básicos)",4.9,"Instructor:
Oscar L. Parra Martinez",s11,46,Beginner,E£849.99,,new,
Aprenda ASP.NET core 7,De web API ao MVC,3.2,"Instructor:
Fernando G Fiore",6.5,22,Intermediate,E£199.99,,,E£269.99
"Entiende la programacion con PHP, Nivel Basico, PARA TODOS!","Tanto si no tienes conocimiento alguno sobre programacion, o quieres aprender lo basico sobre PHP este es tu curso.",0.0,"Instructor:
Iban Perez Louzan",2.5,20,Beginner,E£199.99,,,E£269.99
Crear un sistema de control de gastos con el patrón MVC,Desarrolla una aplicación completa bajo el patrón de diseño MVC.,4.2,"Instructor:
Francisco Javier Arce Anguiano",s22,148,Intermediate,E£629.99,,,E£849.99
Unity ile Baştan Sona 2D RPG Oyun Geliştirme,Unity ile RPG oyunlarda kullanılan temel mekanikleri öğrenin,4.5,"Instructor:
Sebahattin Soylu",s16,115,All Levels,E£199.99,,,E£269.99
物理エンジンで学ぶ数学とプログラミング：社会人になってから学ぶ数学と物理学（初級～中級編）,ゲーム開発環境 Unity（ユニティ）とプログラミング言語 C#（シーシャープ） でバーチャルな物体を動かそう,3.9,"Instructor:
下河 有司",3.5,58,Intermediate,E£199.99,,,E£269.99
Generar y Leer Código QR y BarCode en Net Core y JavaScript,"Aprende a crear , descargar , imprimir , leer codigos QR y BarCode en Net Core con ejercicios prácticos",4.3,"Instructor:
Licito Hurol",4.5,72,All Levels,E£199.99,,,E£269.99
C Language Mastery: Unlocking the Power of C Programming,"Complete course on the C Programming Language , where you can learn every topics step-by-step with example programs",4.3,"Instructor:
Dr. Rakesh Roshan",6.5,39,All Levels,E£199.99,,,E£269.99
Crear un sistema de control escolar con el patrón MVC,"Desarrolla una aplicación completa bajo el patrón de diseño MVC con PHP, MySQL, Bootstrap, HTML y JavaScript.",4.7,"Instructor:
Francisco Javier Arce Anguiano",19.5,127,Intermediate,E£629.99,,new,E£849.99
Automação de Processos: RPA com .NET | CHATGPT,Torne-se especialista na criação de robôs com .Net,5.0,"Instructor:
Filipe Ribeiro Brito",w5,39,Beginner,E£319.99,,,
Introdução a CryEngine 5.7 LTS,Aprenda sobre a CryEngine para desenvolvimento de jogos 3D,3.5,"Instructor:
Danilo Borges Santos",s5,71,Intermediate,E£199.99,,,E£269.99
Aprenda como criar um game 2.5D com a Godot Engine,Como criar um game no estilo 2d e meio com a Godot engine 4.1.1,5.0,"Instructor:
Fábio Venâncio",s7,52,Beginner,E£629.99,,,E£849.99
Punto de venta con REACT - FULL stack [EN CONSTRUCCION],Proyecto funcional,4.0,"Instructor:
Codigo 369",1.5,12,Intermediate,E£629.99,,New,E£849.99
RPG Maker ile Sıfırdan RPG Oyunu Yapmayı Öğrenin,İlk defa oyun yapmak isteyenler ve Kodlama bilmeyenler için sıfır tecrübeden öğrenmeye başlayarak RPG yapmayı öğrenin,4.7,"Instructor:
A. Bahadır Gündeş",4.5,34,All Levels,E£199.99,,,E£269.99
Patrones de diseño: code smells,Avanza al nivel Senior usando code smells!,4.7,"Instructor:
Max Cervantes",s4,87,Intermediate,E£579.99,,,E£779.99
C++ 1시간에 기본 개념 마스터하기,입문자를 위한 C++ 기초 1시간 컷!,3.3,"Instructor:
웅진씽크빅 IT",s1,5,Beginner,E£629.99,,,E£849.99
"Game Designer, le métier ultime du jeu vidéo",Découvre le rôle et le métier du GAME DESIGNER pour créer un jeu vidéo à succès.,5.0,"Instructor:
Malik Ammich",5.5,28,Beginner,E£199.99,,,E£269.99
Diseño de Personajes y Terrenos: Unity y Blender en Acción,Domina la Creación de Personajes 3D y Escenarios Realistas en Dos Poderosas Herramientas,4.5,"Instructor:
Fidel Alejandro Ortega Ramírez",7.5,54,Beginner,E£629.99,,,E£849.99
Unity | Araba Oyunları Geliştirmeyi Bir Yayıncıdan Öğrenin!,"Unity'de, Realistic Car Controller ile araba oyunları yapmayı öğrenin.",5.0,"Instructor:
Ekrem Buğra Özdoğanlar",3.5,17,All Levels,E£199.99,,,E£269.99
Unity ile Oyun Geliştirme,"Unity, Design Patterns, Generic Sınıflar, Animasyon",5.0,"Instructor:
Cihat Citak",7.5,45,Intermediate,E£199.99,,,E£269.99
Como criar um Beat'em up 2.5D com a Godot Engine 4.1.2,Criação de Beat'em up 2.5D,4.1,"Instructor:
Fábio Venâncio",4.5,34,Beginner,E£629.99,,New,E£849.99
Business Model Canvas,Une méthode simple pour structurer votre entreprise et maximiser votre croissance,0.0,"Instructor:
Kpindotchin c. Ouattara",4.5,50,Beginner,E£549.99,,,E£729.99
Entity Framework desde cero con una aplicación Blazor,Aprende Entity Framework construyendo una aplicación Blazor al mismo tiempo,4.6,"Instructor:
JAP Software",7.5,40,Beginner,E£199.99,,,E£269.99
Unity | Destructible Terrain mekaniği | Sıfırdan 2 OYUN,Unity ile sıfırdan 2 adet oyunun yapımını öğreneceksiniz. Yaptığımız mekanik ile istediğiniz kadar oyun üretebilirsiniz.,5.0,"Instructor:
Olcay kalyoncuoğlu",10.5,37,Intermediate,E£229.99,,,
Aprenda Violão Popular Módulo 1,VPM1,0.0,"Instructor:
Rodrigo da Silva Moreira",s4,57,Beginner,E£199.99,,,E£269.99
Domain-Driven Design'ı Uygulamalı Öğrenelim,Domain-Driven Design - DDD,4.3,"Instructor:
Taner Saydam",s3,19,Intermediate,E£629.99,,new,E£849.99
Unity 3D : ( Game Development )- Basic to Professional Level,"Unity: Feel free to take Unity 3D course, All Unity concepts are very well explained in Hindi. Unity 3D-Game Development",4.3,"Instructor:
Ganesh Kadam",s7,43,All Levels,free,,,E£849.99
Domina SQLite en 5 días : curso práctico y fácil,SQLite en poco tiempo: un curso completo desde principiantes hasta avanzado,5.0,"Instructor:
Neomar Gomez",s4,45,Beginner,E£199.99,,,E£269.99
.Net Core 5 ile Admin Panelli Kurumsal Web Site Projesi,ASP NET Core MVC 5 | Bootstrap5 | Api,4.3,"Instructor:
Sedat Tungaç",5.5,55,Beginner,E£199.99,,,E£269.99
Chiffre d'affaires,Comment l'analyser et l'augmenter,0.0,"Instructor:
Kpindotchin c. Ouattara",1.5,14,Beginner,E£549.99,,,E£729.99
Excel básico,"Aprenda as principais fórmulas para quem está voltando ao mercado de trabalho, e até mesmo usar no sua dia a dia.",0.0,"Instructor:
Flavio Jose",1.5,13,Beginner,E£199.99,,,E£269.99
La Guía Práctica Empresarial para Entity Framework Core,Crea aplicaciones profesionales con Entity Framework Core 6+ utilizando patrones de diseño y buenas prácticas,4.9,"Instructor:
Jimmy Javier",4.5,79,Intermediate,E£199.99,,,E£269.99
Clean Architecture ile Sıfırdan Uygulama Geliştirelim,Modern Yazılım Geliştirme Kursu,4.4,"Instructor:
Taner Saydam",5.5,33,Intermediate,E£199.99,,,E£269.99
Sıfırdan İleri Düzey Çanak Anten Kurulumu Eğitimi,Uydu Kurulumlarında Usta Olun: Eğitimle Profesyonel Yolculuğa Başlayın,5.0,"Instructor:
Bünyamin Türkmen",12.5,56,Expert,E£199.99,,,E£269.99
【未経験者必見！時短！】ポイントだけ学ぶ！Javaオブジェクト指向はじめの一歩！,Javaはルールが多くて習得に時間がかかる！ この講座は初めてオブジェクト指向を習うあなたにまず最初に知っておいて欲しい部分だけを抜粋！必要最低限を学びます！絵を多めにしているので初級者でも学びやすい構成！新入社員研修のカリキュラム使用！,5.0,"Instructor:
企業研修・オンラインスクールプログラミング講師 K.Sonoda",2.5,50,Beginner,E£629.99,,,E£849.99
Asp NET MVC Web Geliştirme Kursu,Asp NET MVC ile Web Geliştiricisi Olun,5.0,"Instructor:
Fatih Baytar",s12,43,Intermediate,E£629.99,,,E£849.99
Unity com ChatGPT: Programação de Jogos Descomplicada com IA,"Domine o ChatGPT, aprenda lógica de programação e crie um jogo na Unity usando a IA como ferramenta auxiliar.",4.7,"Instructors:
Danilo Filitto, M.e, Nextindie Studio",4.5,26,Beginner,E£629.99,,,E£849.99
Curso de Macros y Visual Basic en Excel,Excel Avanzado,4.6,"Instructor:
Sergio Gómez Pamies",s11,87,Expert,E£199.99,,,E£269.99
Les clés pour réussir vos achats en gros,Comment maximiser votre profit et minimiser les risques.,0.0,"Instructor:
Kpindotchin c. Ouattara",s3,23,Beginner,E£549.99,,,E£729.99
16+ Saate Hızlandırılmış Sıfırdan C Kodlama Eğitimi,Sıfır bilgi ile ileri seviyeye uzanan Türkçe anlatım ile zenginleştirilmiş C Eğitim paketi.,4.4,"Instructor:
Ümi̇t Yazar",14.5,54,Beginner,E£199.99,,,E£269.99
Sıfırdan Mobil Oyun Creative Kursu,Unity’den Creative videosu nasıl çekilir? Premier Pro ile nasıl Creative videosu yapılır?,4.7,"Instructor:
TOGO Türkiye Oyun Geliştiricileri Okulu",s2,13,All Levels,E£629.99,,,E£849.99
Progressive Web App con Asp .Net Core desde cero (PWA),Crea aplicaciones web en Asp .Net core que se comportan como aplicaciones móviles nativas para Android y IOS .,4.4,"Instructor:
Licito Hurol",s9,105,Beginner,E£199.99,,,E£269.99
[KMA FORUM.M] 게임업계의 매력적인 세계관 스토리텔링,"유저를 과몰입하게 만들어라! (포럼M, 포럼m, 포럼엠)",4.5,"Instructors:
웅진씽크빅 비즈니스, KMA 한국능률협회",s1,5,All Levels,E£199.99,,,E£269.99
.Net 6 - Başlangıçtan İleri Seviyeye Bootcamp,.Net - Lambda- Async - Task - Ntier Layer - Api Structure - Routing - Filters Konularında Hap Bilgiler ile Hakim Olun,4.3,"Instructors:
Best Codder, Ertuğrul Yılmaz",12.5,99,Beginner,E£199.99,,,E£269.99
Unity 3D + ChatOpenAI creando un Juego de Pelea.,Desarrolla un juego 3d en tiempo record,1.0,"Instructor:
Jesus Montoya Vera",w9,29,Expert,E£199.99,,,E£269.99
Aprende escalas Vol.3: Pentatónicas y escala de BLUES,"Pentatónicas mayores, menores y escala de Blues.",4.0,"Instructor:
Ilse Lozoya",w2,41,Beginner,E£199.99,,,E£269.99
Le marketing mix,Maîtrisez les fondamentaux du marketing mix pour optimiser votre stratégie commerciale,0.0,"Instructor:
Kpindotchin c. Ouattara",s3,22,Beginner,E£549.99,,,E£729.99
Sıfırdan İleri Seviye Sql Programlama,Adım Adım İleri Seviye Sql Programlama,4.8,"Instructor:
Enes Tarık Albayrak",s7,64,Beginner,E£199.99,,,E£269.99
Unity | Draw Line Mekaniği | Sıfırdan 3 adet oyun yapımı,Unity ile sıfırdan 3 adet oyunun yapımını öğreneceksiniz. Yaptığımız mekanik ile istediğiniz kadar oyun üretebilirsiniz.,5.0,"Instructor:
Olcay kalyoncuoğlu",11.5,54,Intermediate,E£229.99,,,
.NET Developers için Pratik İpuçları,Pratik İpuçları,4.6,"Instructor:
Taner Saydam",3.5,21,Intermediate,E£199.99,,,E£269.99
Unity ile Sıfırdan 3D Defence Oyunu Yapımı,2023 | Sıfırdan 3D defence oyunu geliştiriyoruz. Farklı işlevleri ve tüm detayları görüyor olacaksınız. Acele edin!,4.7,"Instructor:
Olcay kalyoncuoğlu",23.5,74,Intermediate,E£229.99,,,
Aprenda a tocar teclado em 2023!,Tudo o que você precisa para aprender a tocar teclado em 2023!,4.9,"Instructor:
Fernando Leite Barreto",3.5,57,All Levels,E£199.99,,,E£269.99
Matemática para programação de jogos,Unity Matemática,4.4,"Instructor:
Daybson B. S. Paisante",3.5,34,Beginner,E£629.99,,,E£849.99
Unity | Rope mekaniği | Sıfırdan 2 adet oyun yapımı,Unity ile sıfırdan 2 adet oyunun yapımını öğreneceksiniz. Yaptığımız mekanik ile istediğiniz kadar oyun üretebilirsiniz.,5.0,"Instructor:
Olcay kalyoncuoğlu",10.5,35,Intermediate,E£229.99,,,
Jogos (2D/3D) com Unity: Técnicas Avançadas (Simplificado),"""onde suas ideias se tornarão realidade e seus jogos ganharão vida!""",4.0,"Instructor:
Enzo melo",13.5,39,All Levels,E£199.99,,,E£269.99
Princípios SOLID,"Princípios SOLID: SRP, OCP, LSP, ISP, DIP",5.0,"Instructor:
Raphael Tercini Costa",w1,6,All Levels,E£579.99,,,E£779.99
Python ile Orta Seviye Video Oyunları Geliştirme | 3 Oyun,Nesne Yönelimli Programlama ve Python Oyun Modülünü Kullanarak 2D Oyunlar Geliştirmeyi Öğrenin!,4.8,"Instructor:
Yılmaz Alaca",5.5,36,Intermediate,E£199.99,,,E£269.99
Creando un sistema de compra y venta + mvc + ajax,Aprende a crear desde 0 un sistema de compra y venta,4.4,"Instructor:
Loguy Rodriguez Torres",s19,64,Beginner,E£199.99,,,E£269.99
Patrón de diseño MVC (Modelo Vista Controlador) en PHP,"Aprende y entiende cómo crear una aplicación MVC en PHP con POO, composer y clean code",4.7,"Instructor:
Gabriel Melián Guerra",s5,23,Intermediate,E£579.99,,New,E£779.99
Introducción OXO Visual Studio FORM Juego de la Serpiente.,Juego de la Serpiente con Sprites en Visual Studio con el paradigma de Orientación por Objetos.,5.0,"Instructor:
Isaac Guerrero Mora",w3,14,Expert,E£579.99,,,E£779.99
Amazon Dropshipping Nedir ? Nasıl Yapılır ?,Amazon Dropshipping,1.0,"Instructor:
Murat Yıldırım",w4,27,All Levels,E£549.99,,New,E£729.99
ASP.NET Core İle Yetkilendirme İşlemleri Ve Restful Api,"Yazılım geliştirme,Bilgi teknolojileri,Programlama",5.0,"Instructor:
Fayik Veznedaroğlu",2.5,23,Beginner,E£199.99,,,E£269.99
CURSO DE ACORDES AL PIANO VOL.2: Progresión de Jazz,Cómo tocar la progresión de acordes IIm V I al piano en todas las tonalidades,4.5,"Instructor:
Ilse Lozoya",w2,41,All Levels,E£219.99,,,E£319.99
Digiturno o Turnero Web Con Php Javascript Mysql,Sistema de Gestion de Filas,4.3,"Instructor:
Yordis Escorcia Vasquez",s4,44,Beginner,E£199.99,,,E£269.99
Aprenda a criar Jogos de Plataforma 2D com a Godot 4.1,Como desenvolver jogos na Godot Engine 4.1,4.7,"Instructor:
Fábio Venâncio",12.5,108,Beginner,E£629.99,,,E£849.99
İleri Algoritma Analizi ve C Programlama,"Parallel(Merge,Quick,Insertion,Bubble,Bitonic), Master Method, Red-Black Tree, BST, Greedy Algorithms, Recursive Kod",4.9,"Instructor:
Akyol Bilişim Hizmetleri",10.5,109,All Levels,E£199.99,,,E£269.99
Jenkins para automatização de aplicações ASP.NET,Automatizando o processo de Deploy (DEVOPS),4.3,"Instructor:
Diogo Costa",1.5,13,Intermediate,E£199.99,,,E£269.99
Mobil Oyun Tasarımı - (Game UI/UX): Data Center Idle Game,Mobil Oyunlar için Arayüz Tasarımı ve Oyun Görselleştirme Öğren!,4.5,"Instructors:
yankuu academy, Ramazan Yildiz",s11,69,All Levels,E£199.99,,,E£269.99
HTML5 ile Harikalar Yaratın!,Her yönüyle HTML5 öğrenerek Dünya Çapında Ağ yapısının kapılarını aralayın!,5.0,"Instructors:
Software For Everyone, Ahmet Onur TAY",s14,96,All Levels,E£629.99,,,E£849.99
Curso Master em Godot 4.2 + GDScript com projetos 2D e 3D,Curso Master em Godot 4.2 + GDScript 2.0 com projetos 2D e 3D,3.8,"Instructor:
Nuno Miranda",s2,10,All Levels,E£629.99,,,E£849.99
TypeScript para principiantes desde 0,Inicia con TypeScript,4.8,"Instructors:
Codigo 369, Proyectos Web",3.5,40,Beginner,E£579.99,,,E£779.99
"For, While, Try-Except'e Hükmet: Temelden Uzmanlığa Döngüler",Kapsamlı Python Döngü Rehberi,5.0,"Instructor:
Şahin Telli",w3,45,Beginner,E£629.99,,New,E£849.99
【Unity】初心者から始めるUnity-chanを使ったステージ制3Dアクションゲームの開発入門,Unityでステージ制の3Dアクションゲームを開発する方法について学べます。3Dアクションゲームに必要不可欠な要素を身に付けよう！最終的にビルドを行い実際にゲームを遊べる形にします。,4.0,"Instructor:
うん くん",4.5,36,Beginner,E£629.99,,New,E£849.99
Criação de Games 2D com Unity Visual Scripting - Bolt,"Desenvolva Mecânicas de Jogos 2D Pixel Art sem precisar escrever códigos complexos, com o Visual Scripting da Unity 3D.",5.0,"Instructor:
Adriano de Souza",s7,34,All Levels,E£629.99,,New,E£849.99
Curso de Acordes al Piano Vol.3 Ejercicios pre-improvisación,"Aprende ejercicios preparatorios de improvisación en la mano derecha, acompañando con acordes en la mano izquierda",4.2,"Instructor:
Ilse Lozoya",2.5,55,Beginner,E£529.99,,,E£719.99
Crear un sistema de control de citas con PHP en Modelo MVC,Desarrolla una aplicación completa bajo el patrón de diseño MVC.,4.5,"Instructor:
Francisco Javier Arce Anguiano",20.5,147,All Levels,E£199.99,,,E£269.99
iZotope RX - De Cero a Héroe,¡Aprende a usar iZotope RX y edita audio profesionalmente hoy!,4.6,"Instructor:
Manuel Parra Méndez",s3,70,All Levels,E£199.99,,,E£269.99
Comment créer et réussir un business en ligne,Toutes les étapes essentielles pour créer et développer un business en ligne,0.0,"Instructor:
Christophe F-C",1.5,8,Beginner,E£199.99,,,E£269.99
Dominando o Braço do Violão,"violão , acordes , escalas , campo harmônico , pestana, teoria musical, violao",4.5,"Instructor:
Claudio Alves de Oliveira",6.5,103,All Levels,E£199.99,,,E£269.99
Aprenda Design Patterns com Java,Aprofunde seu conhecimento de forma prática nos principais design patterns utilizados no desenvolvimento.,4.6,"Instructor:
Weberson Rodrigues",3.5,9,All Levels,E£199.99,,,E£269.99
Programação e Design de Jogos de DeckBuilding,Curso Prático de Programação e Game Design para Jogos de DeckBuilding,5.0,"Instructor:
TheCodingCult (aka Henrique de Carvalho)",w6,64,Intermediate,E£199.99,,,E£269.99
MagicaCSG y Blender 3D - Modelado y Diseño para VideoJuegos,"Aprende DESDE CERO a EXPERTO a Modelar 3D tus Diseños compatible con Blender y Unity para VideoJuegos, MagicaCSG.",4.6,"Instructor:
Sonia Garcia",8.5,56,All Levels,E£199.99,,,E£269.99
"Crie um blog em ASP .NET MVC 5, EF, Bootstrap CSS e Azure","Aprenda a criar um blog em ASP .NET MVC, Entity Framework, Bootstrap CSS e Azure usando as melhores práticas do mercado",4.6,"Instructor:
Michel Banagouro",12.5,57,Beginner,E£199.99,,,E£269.99
Yazılıma Sıfırdan Başlangıç ve Algoritma Eğitimi,Hiçbir bilgisi olmayanlar için algoritma ve programlama eğitimi ve JAVA,4.2,"Instructor:
Orkun Öztürk",s3,93,Beginner,E£199.99,,,E£269.99
"CRUD CON [PHP, MVC, POO, MYSQL]",Aprende hacer una aplicación web,4.5,"Instructor:
Limbergh Morales Arellano",s2,24,Intermediate,E£199.99,,,E£269.99
Sıfırdan Mobil Oyun Tasarımcılığı Öğrenin,Popüler olan Mobil ve Hypercasual oyunları nasıl tasarlayıp bu alanda bir Oyun Tasarımcısı olabileceğinizi anlatacağım.,4.5,"Instructor:
A. Bahadır Gündeş",s2,22,All Levels,E£199.99,,,E£269.99
【もう挫折しない】C言語ポインタ徹底解説・ポインタを自由に使えるようになろう,ポインタがイマイチ分からない、そんな状態はもう卒業！C言語のポインタの文法、使い方について徹底的に解説をします。コンピューターの中身を意識した解説でポインタを理解しましょう！,4.6,"Instructor:
小堀 将人",s4,63,Beginner,E£199.99,,,E£269.99
BLENDER + UNITY: Da modelagem ao desenvolvimento de jogos 3D,Curso focado no desenvolvimento por projetos,4.5,"Instructors:
Danilo Filitto, M.e, Kayan Eduardo Lima Chagas",12.5,63,Beginner,E£199.99,,,E£269.99
Aprende T-SQL orientado a negocios,Aprendiendo el T-SQL para aplicarlo en las empresas,3.7,"Instructor:
Carlos Palomino",9.5,69,Intermediate,E£229.99,,,E£319.99
Bootstrap de 0 a 100,Aprende Bootstrap,0.0,"Instructor:
Angel L. Geraldo C.",s2,12,Beginner,E£199.99,,,E£269.99
Gatilhos Mentais para vendas,Aprenda o Segredos dos Grandes Vendedores,4.0,"Instructor:
Lucas Barreto",,27,All Levels,E£199.99,,,E£269.99
sıfırdan Lantek Expert öğrenin,Lantek Expert,3.7,"Instructor:
Cafer Toplu",s1,6,Expert,E£199.99,,,E£269.99
Python für Einsteiger - Blitzkurs,"Programmieren lernen in einer Stunde - keine langen Theoriestunden, sondern gleich selbst loslegen und programmieren",0.0,"Instructor:
Bianca Glaser",s1,9,All Levels,E£229.99,,,E£319.99
Angst vor dem Tod verringern,"Eine neue Art der Freiheit: Von Verdrängung, über die Terror Management Theorie bis hin zur Sterbeforschung und Übungen",5.0,"Instructor:
Holzer Christian",s2,34,All Levels,E£479.99,,,E£649.99
【未経験者歓迎】開発をしながら学ぶプログラミング基礎講座〜プログラマーとしての自走力を身に着けよう〜,未経験者向け！将来に渡って役に立つプログラミングの基礎、アプリ開発手順、問題の解決方法、効率の良い開発方法をお伝えします！,4.2,"Instructor:
小堀 将人",11.5,140,Beginner,E£199.99,,,E£269.99
Crea un sistema transaccional con Java y Postgresql (POO),"Desarrolla un Sistema en Java, Postgresql, POO, 3 Capas, Refactorización, DDL, DML- Incluye PROYECTO FINAL",4.6,"Instructor:
Moisés Fernando Marin Tantalean",7.5,52,All Levels,E£199.99,,,E£269.99
Programmiere deinen Körperumfang,Diese Inhalte ermöglichen es dir dich deines Körperumfanges bewusster zu werden und eine individuelle Form zu kreieren,5.0,"Instructor:
Brigitte Tuschl",2.5,29,Beginner,E£199.99,,,E£269.99
React Native: la guía práctica [EN CONSTRUCCION],"React Native Maps, camara, animaciones, diseños, PostgreSQL, SUPABASE, ZUSTAND, despliegues y mas!",3.8,"Instructor:
Codigo 369",4.5,36,Beginner,E£629.99,,New,E£849.99
Excel Visual Basic für Anfänger,Lernen Sie die ersten Schritte mit Excel Visual Basic (VBA),4.6,"Instructor:
Kristoffer Ditz",s1,17,Beginner,E£199.99,,,E£269.99
Cadastros para Clínicas,Sistema Clínicas,5.0,"Instructor:
Hugo Vasconcelos",s6,69,All Levels,E£199.99,,,E£269.99
Generar códigos QR con Laravel,Aprende a construir una plataforma de códigos QR en Laravel y a integrar un Panel de administración,5.0,"Instructor:
Brayan Angarita",3.5,28,Beginner,E£629.99,,New,E£849.99
Amazon'da Suspend Olmak Nasıl Önlenir ?,"Amazon Politikaları, Amazon Suspend, Suspend Neden Kaynaklanır ve Nasıl Önlenebilir",5.0,"Instructor:
Murat Yıldırım",w3,18,All Levels,E£549.99,,New,E£729.99
Introdução a Sequências e Séries,Cálculo diferencial e Integral,0.0,"Instructor:
Rafael F. V. C. Santos, Ph.D.",6.5,69,Intermediate,E£549.99,,,E£749.99
Aprende Golang desde cero (GO),Curso de iniciación a Golang,4.2,"Instructor:
JAP Software",s10,87,Beginner,E£199.99,,,E£269.99
ChtaGTPで独学力を鍛えるプログラミング言語変換500本ノック【C言語/Java/JS/PHP/Python】,現役ITエンジニアがChatGTPを使っての学習方法を解説！基礎編から応用編までの言語変換で応用力を鍛えよう！【C言語/Java/JavaScript/PHP/Python】,2.7,"Instructor:
迫　俊太 (Shunta Sako)",16.5,202,All Levels,E£199.99,,,E£269.99
VBA実践応用をマスターしてすべての業務を合理化しよう！販売・財務・給与・工程・介護・見積などの事例を勉強するコースです,IT技術は日毎に進化しています。でも業務システムはコンピュータの登場から変わっておりません。会社には見積・販売・財務・給与管理があり製造業は原価管理があります。このコースは日常よく使われる業務システムをVBAで作成した事例を勉強します。,3.5,"Instructor:
浅井 良一",7.5,89,Intermediate,E£229.99,,,E£319.99
Sıfırdan İleri Seviye JSF(Java) -JavaSE- Bootstrap,Kurumsal Java Dünyasına adım adım ilerlemek,3.4,"Instructor:
Hamit Mızrak",51.5,150,All Levels,E£229.99,,,E£319.99
Mvc5 ile Katmanlı Mimaride Eticaret Projesi Geliştirme,ASP.NET CORE 5.0 İLE KURUMSAL MİMARİDE ETİCARET PROJESİ,3.5,"Instructor:
Ersin Bulut",2.5,25,Intermediate,E£199.99,,,E£269.99
React Hooks & Firebase & Material Design : Fullstack Extremo,"React Hooks y Redux, Enviar push notifications con ReactJS y Firebase, crear web services y base de datos con NodeJS",4.0,"Instructor:
Vaxi Drez",23.5,162,All Levels,E£229.99,,,E£319.99
Fundamentos de POO para Iniciantes,"Aprenda Programação orientada a objetos utilizando Java, uma das linguagens mais utilizadas no mundo!",4.6,"Instructor:
Nataniel Paiva",1.5,14,Beginner,E£629.99,,,E£849.99
Sistema de ventas TouchScreen laravel 9,Aprende a crear sistemas web touch-screen con laravel y livewire,3.3,"Instructor:
Luis Fax",s14,99,Intermediate,E£199.99,,,E£269.99
QGIS Temel Eğitimi(Sıfırdan)/Açık kaynak Kodlu Yazılım,Temel Düzey QGIS Eğitimi/Detaylı/,4.8,"Instructor:
Caner Bozkurt",6.5,19,Beginner,E£579.99,,,E£779.99
GoogleカレンダーとAndroidの最強自動化アプリMacroDroidを使った自動タイムログマクロの作成と実践方法,タイムログをDX化して24時間全ての行動を記録色分けされた見やすいタイムログをGoogleカレンダーに記録しあなただけのライフログを作成。MAndroidスマホの無料デバイス自動化アプリを使ってタイムログを簡単に習慣化。,0.0,"Instructor:
Tajika Waku",s3,35,Beginner,E£479.99,,New,E£649.99
Sıfırdan CSS Öğrenelim,Web Programlama Öğrenelim,4.9,"Instructor:
Taner Saydam",s6,68,Beginner,E£199.99,,,E£269.99
AutoCAD 2021 Sıfırdan İleri Seviyeye. Bonus VBA Temelleriyle,Bu kursu tamamladıktan sonra AutoCAD ile ölçüsünü bildiğiniz her şeyi çizebileceksiniz.,4.6,"Instructor:
Matris Akademi",15.5,114,All Levels,E£199.99,,,E£269.99
Aprende C de manera practica,Aprende a programar en el lenguaje C,4.4,"Instructor:
Juan Figueroa Trejo",11.5,93,All Levels,E£199.99,,,E£269.99
Curso de Hilos Tensores Monifilamento,Domina el Arte del Rejuvenecimiento con Hilos Tensores Monofilamento.,2.1,"Instructor:
Luz Bibiana Florez Giraldo",s1,13,Beginner,E£519.99,,,E£679.99
Reconocimiento de Huella Dactilar en Excel,Huella dactilar en excel utilizando el lector uaeu 4500 digital persona,4.1,"Instructor:
Walter Alvarez",2.5,7,Intermediate,E£199.99,,,E£269.99
sistema para restaurante de control de mesas java POO,codigo sistema para restaurante de control de mesas java POO,5.0,"Instructor:
tusolutionweb tutos dev",,5,Beginner,E£199.99,,,E£269.99
Curso Básico de Lactancia Materna,Maternidad y trabajo ¿Cómo compatibilizamos?,4.6,"Instructor:
Julieta de Andrés",s1,11,Beginner,E£519.99,,,E£679.99
GoogleカレンダーとAndroidの最強自動化アプリMacroDroidを使った自動タイムログマクロの０からの作り方,タイムログをDX化して24時間全ての行動を記録色分けされた見やすいタイムログをGoogleカレンダーに記録しあなただけのライフログを作成。Androidスマホの無料デバイス自動化アプリを使ってタイムログを簡単に習慣化。,4.4,"Instructor:
Tajika Waku",3.5,59,Beginner,E£549.99,,,E£749.99
Sıfırdan Web Tasarım Öğrenin! (HTML CSS BOOTSTRAP),HTML CSS BOOTSTRAP WEB GELİŞTİRME,5.0,"Instructor:
Birkalem Yazılım",s2,32,Beginner,E£629.99,,,E£849.99
Curso de Base de Datos Firebird,Base de Datos Firebird,4.3,"Instructor:
Víctor Ramos",s5,50,Intermediate,E£199.99,,,E£269.99
Algoritmos e lógica de programação do zero. Guia definitivo,"Aprenda Algoritmo, Lógica de programação e muito mais nesse que é o curso mais completo sobre o tema.",4.8,"Instructor:
Jonatan Machado",13.5,87,Beginner,E£579.99,,,E£779.99
ISO 9001:2015,Estándares de Calidad para la Excelencia Empresarial,4.5,"Instructor:
Felipe Nerhi Tenorio González",,,,E£549.99,,New,E£749.99
Domina la creación de interfaces gráficas con Tkinter,Aprende a diseñar aplicaciones atractivas y funcionales con facilidad. ¡Sé un experto en Tkinter con Python!,4.3,"Instructor:
JOSE OJEDA ROJAS",4.5,17,Beginner,E£199.99,,,E£269.99
Cadastros e Consultas PHP,Sistema Biblioteca,5.0,"Instructor:
Hugo Vasconcelos",5.5,63,All Levels,E£199.99,,,E£269.99
CodeIgniter ile Kendi Lisans Panelinizi Kodlamayı Öğrenin,"CodeIgniter ile Kendi Lisans Panelimizi Kodlamayı Öğreniyoruz, CodeIgniter ile Web Projesi Geliştiriyoruz",5.0,"Instructor:
Yavuz Selim",s5,22,Intermediate,E£199.99,,,E£269.99
Tebligatın Karanlık Yüzü/Tebligat Hukuku,"Kurs, tebligatın temel kavramları ve uygulanması ile ilgili bilgi edinmek isteyen avukatlara yöneliktir.",4.0,"Instructor:
Fatih Selim GÜNDÜZ",3.5,7,Expert,E£549.99,,,E£749.99
エンジニアのためのアプリケーション開発入門,UMLとUPで学ぶ開発プロセス,2.2,"Instructor:
鈴木 楽水",s3,18,Beginner,E£199.99,,,E£269.99
Godot 2023: Construa games do zero absoluto com godot,"Aprenda do absoluto zero a desenvolver jogos com a godot, coloque vários projetos no currículo e se torne um dev",1.0,"Instructor:
Apollo Academy",w8,34,Beginner,E£199.99,,,E£269.99
Git e GitHub Dominado em 5 Dias! Mesmo se você é iniciante!,Domine o Controle de Versão Distribuído e Desponte no Mercado com Conhecimentos de Git e Github,4.6,"Instructor:
Mayko Silva",s7,58,All Levels,E£579.99,,,E£779.99
PHP İle Nesneye Yönelik Programlama (OOP with PHP),Nesneye Yönelik Programlama mantığını PHP ile öğrenin (Learn Object Oriented Programming logic with PHP),5.0,"Instructor:
Hüseyin Erbayat",1.5,8,Beginner,E£629.99,,,E£849.99
Melhorando posicionamento com SEO,Técnicas de SEO para seu site,3.6,"Instructor:
Hugo Vasconcelos",5.5,56,All Levels,E£199.99,,,E£269.99
sistema de control de entrada y salida php mysql codigo,codigo fuente control de entrada y salida php mysql,2.4,"Instructor:
tusolutionweb tutos dev",,5,Beginner,E£579.99,,,E£779.99
Cadastros para Sistemas - Assistência Técnica,Sistema Assistência Técnica,3.9,"Instructor:
Hugo Vasconcelos",5.5,62,All Levels,E£199.99,,,E£269.99
A2 İngilizce Kursu - Hikaye: Robin Hood,A2 Seviye İngilizce Kursu - Robin Hood : Bir Hikayeye Yolculuk Yaparak İngilizce Öğrenin,5.0,"Instructor:
Abdurrahman TEKIN",4.5,34,All Levels,E£549.99,,New,E£749.99
A1 A2 Seviye Okuduğunu Anlama (Reading) Sınavı,Temel İngilizce Okuma ve Anlama Becerilerinizi Test Edin,5.0,"Instructor:
Abdurrahman TEKIN",,,,E£549.99,,New,E£749.99
Office Word Kelime İşlem Programı En Temelden En İleri,Word,0.0,"Instructor:
Erhan Yağmur",s3,21,All Levels,E£199.99,,,E£269.99
Sıfırdan İleri Seviye Linux Terminali,Kurs içerisinde linux sistemlerde orta ve ileri seviye terminal kullanımını ele alacağız.,3.0,"Instructor:
Muhammet Murat Mıdık",w6,51,Intermediate,E£579.99,,,E£779.99
はじめてのVisual Studio Code(VSCode)のインストール手順・使い方・サーバーアップロード手順,プログラミング学習したいけいどIDEやエディタは何を使ったら良いか？悩んでいるなら無料のVSCodeをおすすめします。インストールから使い方・サーバーアップロードまでの手順を解説,3.2,"Instructor:
よこやま 良平",s1,15,Beginner,E£199.99,,,E£269.99
Aprenda lógica de programação,Entenda como iniciar sua carreira como programador começando do zero com este curso,4.6,"Instructor:
Josué Elias",s3,28,Beginner,E£199.99,,,E£269.99
Sıfırdan Hızlandırılmış C++ Eğitim Paketi,Sıfırdan nesne yönelimli programcılığa giriş paketi. Nesne yönelimli programcılığa giriş seti.,4.4,"Instructor:
Ümi̇t Yazar",s10,31,Beginner,E£199.99,,,E£269.99
Sıfırdan İleri Seviyeye MySQL Eğitim Seti,Projeleriniz için her zaman veritabanına ihtiyaç vardır.Mysql eğitim dersleleri ile baştan sona herşeyi öğreniceksiniz.,3.8,"Instructor:
Mert Buldur",2.5,39,Beginner,E£199.99,,,E£269.99
Injeção de Dependências no Flutter com GetIt + Injectable,Descubra como os packages GetIt e Injectable podem melhorar muito o desacoplamento e modularização do seu App Flutter,4.7,"Instructors:
Daniel Ciolfi, Startto.dev | Cursos Profissionais",s2,10,Intermediate,E£199.99,,,E£269.99
Access Ve Sql Server İle En Temelden En İleri VeriTabanı,Access - Sql Server,0.0,"Instructor:
Erhan Yağmur",8.5,20,All Levels,E£199.99,,,E£269.99
Lógica de programação para iniciantes,Aprenda a programar de maneira simples e eficiente! Sem enrolação e direto aos pontos importantes!,4.6,"Instructor:
Nataniel Paiva",s2,17,Beginner,E£199.99,,,E£269.99
Python Prático e Simples,Obtenha noções mínimas na linguagem de programação mais requisitada do momento.,3.5,"Instructor:
Faculdade VINCIT",2.5,5,Beginner,E£579.99,,,E£779.99
Introdução à lógica de Programação,Entenda os conceitos básicos de programação,4.8,"Instructor:
Adriana Cerdeira",4.5,12,Beginner,E£199.99,,,E£269.99
Fundamentos de Programação com Python,Python,0.0,"Instructor:
Carmela Hermiston",s7,12,Intermediate,E£199.99,,,E£269.99
سيبدأ الكورس بمقدمة قصيرة حول أهمية طباعة الأكواب كمجال,كيفيه بدأ مشروعك فى طباعه الاكواب,5.0,"Instructor:
Mohamed Khalifa hassan",w2,11,All Levels,Free,,,
Introduction To SQL Server Database Administration,مقدمة لإدارة قواعد البيانات الخاصة بمايكروسفت,3.7,"Instructor:
Mohammad Qalalwa",s6,27,Beginner,Free,,,
Học GIT cơ bản trong 30 phút,Học GIT cơ bản từ con số 0. Nắm vững khái niệm cũng như các lệnh GIT phổ biến được sử dụng trong thực tế,4.7,"Instructor:
HoleTex Academy",,19,Beginner,Free,,,
REDUX cho người mới bắt đầu (2022),Học Redux cơ bản từ lý thuyết nền tảng tới thực hành xây dựng một ứng dụng hoàn chỉnh từ đầu,4.9,"Instructor:
HoleTex Academy",s2,8,Beginner,Free,,,
GRE考生必看! GRE Math 大解析- 第三系列: Geometry 【Candice先生】,幫助你用最短的時間將GRE 數學準備好，讓你有其他時間準備其他科目，以求最好的成績表現!,5.0,"Instructor:
Candice先生 GMAT數學 _",,5,All Levels,Free,,,
Времена Английского Языка,"Самые важные времена английского, которые надо знать",4.5,"Instructor:
JumpEng School",s1,5,Beginner,Free,,,
DISC - Nhân tướng học phương Tây,"DISC, tính cách, khám phá bản thân",2.6,"Instructor:
Nguyễn Đức Hải",1.5,9,Beginner,Free,,,
GRE考生必看! GRE Math 大解析- 第二系列: Algebra【Candice先生】,幫助你用最短的時間將GRE 數學準備好，讓你有其他時間準備其他科目，以求最好的成績表現!,4.7,"Instructor:
Candice先生 GMAT數學 _",s1,5,All Levels,Free,,,
GRE考生必看! GRE Math 大解析- 第一系列: Arithmetic 【Candice先生】,幫助你用最短的時間將GRE 數學準備好，讓你有其他時間準備其他科目，以求最好的成績表現!,5.0,"Instructor:
Candice先生 GMAT數學 _",1.5,12,All Levels,Free,,,
Вводный курс по программированию для детей,"программирование, алгоритмы, Dart",4.7,"Instructor:
Igor Zubov",s1,26,Beginner,Free,,,
Квантовые Скачки или Как Стать Волшебником,"Твоя волшебная палочка ближе, чем ты думаешь...",4.8,"Instructor:
Амара Марина Маршенкулова",s1,10,All Levels,Free,,,
Zanim zaczniesz programować - wszystko co musisz wiedzieć!,Programowanie - jak zacząć? Jak się uczyć? - Wszystko co musisz wiedzieć na start za free!,4.5,"Instructor:
Cyfrowy Trener | Epic Digital Guy",s1,18,Beginner,free,,,
"Devenir Développeur professionnel, code de conduite, guide","Apprenez à devenir professionnel, menez à bien votre carrière, devenez responsable et brillez par vos compétences",4.3,"Instructor:
Yassine S. | Architecte Senior",,15,All Levels,Free,,,
Unity main Game Banao! Introduction to Unity (Hindi/Urdu),Getting Started with Unity basics and game development.,3.8,"Instructor:
Basit Ali",s2,17,Beginner,Free,,,
Konsep Dasar dalam Membuat Desain Game,Konsep Dasar dan Implementasi Desain Game,4.8,"Instructors:
Taman Belajar, Dimas Ramdhan, Bina Nusantara University",s2,10,Beginner,Free,,,
Curso Fundamental de .NET 7 Razor,"Aprende los fundamentos de .NET Razor: Code First, Modelos, Migraciones, Páginas Razor, Extensiones Nuget, TempData",4.5,"Instructor:
render2web . 100.000+ Estudiantes en Todo el Mundo",1.5,14,All Levels,Free,,,
Sicurezza Informatica & Password,Le basi che dovresti conoscere per avere uno Username e Password validi,3.7,"Instructor:
Marco Iacovitti",1.5,11,Beginner,Free,,,
"""Cómo ser un docente universal sin morir en el intento""",CIFE,5.0,"Instructor:
Luis Daniel Morales Mata",1.5,10,Beginner,Free,,,
메린이가 좋아하는 랜덤게임 만들기 - 2편,MapleStory Worlds를 활용한 게임개발,0.0,"Instructor:
윤호 봉",s2,5,Beginner,Free,,,
메린이가 좋아하는 랜덤게임 만들기 - 1편,MapleStory Worlds를 활용한 게임개발,0.0,"Instructor:
윤호 봉",s2,5,Beginner,Free,,,
Cómo Hacer Un Sitio Web Para Restaurante Y Ordenar En Línea,Crea un sitio web profesional para vender comida en línea muy fácil,4.4,"Instructor:
Omar Castañeda",s2,13,All Levels,Free,,,
[MapleStory Worlds] 초보도 가능한 게임 만들기 - 1편,MapleStory Worlds 플랫폼을 이용해 게임을 만들기 위한 초보자용 강의,5.0,"Instructor:
초보코딩 [Chobocoding]",1.5,5,Beginner,Free,,,
Principios SOLID para videojuegos,Principios SOLID con Unity3D,4.3,"Instructor:
Daniel Parra",,8,Intermediate,Free,,,
메린이가 좋아하는 랜덤게임 만들기 - 3편,MapleStory Worlds를 활용한 게임개발,0.0,"Instructor:
윤호 봉",s1,5,Beginner,Free,,,
MapleStory Worlds를 활용하여 게임만들기,MapleStory Worlds 플랫폼을 활용하여 나만의 게임을 제작해보세요.,3.5,"Instructor:
H662 HONG",1.5,18,Beginner,Free,,,
Cómo crear un congreso digital,Aprende el paso a paso para crear un congreso digital,3.8,"Instructor:
Fernando de León Estrada",s1,8,Beginner,Free,,,
[MapleStory Worlds] 초보도 가능한 게임 만들기 - 2편,MapleStory Worlds 플랫폼을 이용해 게임을 만들기 위한 초보자용 강의,5.0,"Instructor:
초보코딩 [Chobocoding]",w2,6,Beginner,Free,,,
SQLite ile windows form uygulaması,Dapper Micro Orm ile SQLite işlemlerini bir windows form uygulamasında inceleme,4.8,"Instructor:
Cengiz ATİLLA",1.5,11,Intermediate,Free,,,
[Temel Seviye] Phaser 3 ile Ping Pong Oyunu Geliştirme,Ping Pong Oyunu Geliştirerek Temel Phaser 3 Konularını Öğreniyorum,4.8,"Instructor:
AOS Software",1.5,16,Beginner,Free,,,
C İle Proje Geliştirme,C İle Projeler Geliştirerek Efektif Programlar Yazın.,5.0,"Instructor:
Muhammed Esad Goncaloğlu",s2,11,All Levels,Free,,,
¿Cómo levantar recursos para una startup?,Hazlo suceder con tu pitch. Nace una startup.,4.3,"Instructor:
Disruptivo Aprende",,5,Beginner,Free,,,
置換術「爆出」で置換の威力を活かす！正規表現加速コース【置換・テキスト整形編】,正規表現の検索が使えるようになったら、次は「置換」です！置換術「爆出（ばっしゅつ）」を発動して正規表現の置換をテキスト整形に活用しましょう！,5.0,"Instructor:
則男 乾原",1.5,24,Beginner,Free,,,
- Aprende a modelar una jarra con SolidWorks -,¡Lo que ves en la imagen es el producto final al que llegarás!,4.4,"Instructors:
Antonio Covarrubias, Adrián Covarrubias",,13,Beginner,Free,,,
ABP Framework Temelleri,ABP dokümantasyonunu temele alarak framework'e ait detayları inceliyoruz,4.4,"Instructor:
Ahmet Faruk ULU",s2,7,Expert,Free,,,
Unity Veri Kaydetme Yöntemleri,Veri kaydetme,4.0,"Instructor:
Yusuf Mert YILDIZ",1.5,6,Beginner,Free,,,
[MapleStory Worlds] 직접 만드는 취향가득 나만의 아이템!,"게임아트,도트 그래픽,메이플스토리 월드,포토샵",4.3,"Instructor:
전데연 강사",s1,11,Beginner,Free,,,
JSON Web Token (JWT) ile ASP.NET Core 7.0 Web API Güvenliği,Bir ASP.NET Core 7.0 Web API uygulamasının güvenliğinin JSON Web Token (JWT) ile sağlanması,4.9,"Instructor:
SINAN ILYAS",s1,13,Intermediate,Free,,,
Grundkurs Physik - Dynamik - kostenloser Testkurs,Von Impuls über die Newtonschen Gesetze bis hin zur geneigten Ebene.,4.7,"Instructor:
Bernhard Walther",s2,5,Intermediate,Free,,New,
"Die Faszination ""Gaming und Glücksspiel""",Was ist die Faszination und welche Risiken verbergen sich in einem langfristigen Konsum.,5.0,"Instructor:
Gregor Röpnack",,10,All Levels,Free,,,
基礎から学ぶ「ファンクションポイント法」演習と解答・解説,システム開発プロジェクトの規模見積手法として世界標準となっているファンクションポイント法の実践演習,4.4,"Instructor:
村松 倫明",,5,All Levels,Free,,,
Sıfırdan Örnek Sorularla Çalışarak C Programlama Öğrenin,Örnek Uygulamalarla Öğrendiğiniz Konu Başlığını Test Edebileceğiniz C Programlamayla Yazılıma Giriş,4.1,"Instructor:
Muhammed Furkan Erdoğan",1.5,11,Beginner,Free,,,
TOY Oyunlaştırma Modeli ve Kartları - Gamification Decards,Oyunlaştırma modelini 10 adımda öğrenin ve 170 adet kartla kendi oyunlaştırma kurgularınızı geliştirin.,4.7,"Instructor:
Ercan Altuğ Yilmaz",1.5,17,Beginner,Free,,,
Güvenli Yazılım Geliştirme - Flask,Güvenli Yazılım Geliştirme,4.3,"Instructor:
Anıl Yelken",1.5,11,Beginner,Free,,,
Componente Barcode Scanner de App Inventor 2,Uso del componente barcode scanner y sus propiedades.,2.5,"Instructor:
Wendy Soto Ramirez",,5,Beginner,Free,,,
C Programlama | ATM Modülü,C Programlama Pratikleri #1,4.6,"Instructor:
Ümi̇t Yazar",1.5,5,Intermediate,Free,,,
Unity ile Online RPG Oyunu Yapın! [Ayrıntılı ve İleri Düzey],Online RPG Oyunu Yapın. Kurs boyunca ücret ödemeden dersleri takip edebilirsiniz. Youtube kanalımıza gelebilirsiniz.,4.3,"Instructor:
Barış Öktem",1.5,6,Intermediate,Free,,,
Oyun Geliştirme Programı Devreye Alma,Oyun Geliştirme Programı Devreye Alma,4.0,"Instructor:
Unreal Machine",1.5,5,All Levels,Free,,,
はじめてのMBA スモールビジネスのための３０分でわかる！ ３Ｃ分析ってなに？,起業テーマの選択、商品サービスの開発、事業の転換などを考える際に役立つ「３Ｃ分析」をわかりやすく説明します,4.2,"Instructor:
Kunikazu Iwadate",,10,Beginner,Free,,,
C++ Dersleri Part 1,C++ İle Yazılım Kariyerinize Bugün Başlayın,3.5,"Instructor:
Muhammed Esad Goncaloğlu",w2,7,All Levels,Free,,,
Grundkurs Physik: Selbstinduktion,Vom Energieerhaltungssatz bis hin zu quantitativen Betrachtungen.,4.4,"Instructor:
Bernhard Walther",s4,24,All Levels,Free,,,
Sistema de control de parqueo en java mysql POO con codigo,codigo fuiente de control de parqueo en java mysql POO,3.7,"Instructor:
tusolutionweb tutos dev",,5,Beginner,Free,,,
基礎から学ぶ「ファンクションポイント法」実践,システム開発規模の見積手法として世界標準となっている「ファンクションポイント法」の実践方法を基礎から解説します。,3.8,"Instructor:
村松 倫明",s2,12,All Levels,Free,,,
スクラッチでシューティングゲームをつくろう（はじめてのゲーム制作編）,Scratchではじめてのゲームづくりにちょうせんしよう,4.5,"Instructor:
たんじ けいた",s2,20,Beginner,Free,,,
元アスリートが教える！筋力トレーニング講座,最高のパフォーマンスを発揮し理想の肉体を手に入れる！未経験・初心者でも強くなれる筋トレ種目(スクワット・懸垂・腕立て伏せ・インクラインダンベルベンチプレス ・ラッドプルダウン・インクラインベンチプレス ・サイドレイズ ・ベントオーバーロウ,4.4,"Instructor:
Yosuke Watanabe",,13,All Levels,Free,,,
Unity Projelerini Github'a Yükleme,Unity Projelerini Github'a Yükleme,5.0,"Instructor:
Beyzanur Okudan",,8,Beginner,Free,,New,
ABP Angular Temelleri,ABP Framework'ün sağladığı altyapı ile projelerimizi hızlı ve sürdürülebilir şekilde geliştirebiliriz,4.5,"Instructor:
Masum ULU",s1,9,Intermediate,Free,,,
Sıfırdan C Dersleri,C Dilinin temellerine hakim olup hemen projeler geliştirmeye başlayın.,4.4,"Instructor:
Muhammed Esad Goncaloğlu",1.5,9,All Levels,Free,,,
1 Saatte Sıfırdan HTML Öğren!,1 saat gibi kısa bir sürede web tasarımının temel dili olan HTML'i öğrenin! Bu kursta beraber HTML dilini öğreneceğiz.,3.7,"Instructor:
Acıoğlu Yazılım",s1,11,Beginner,Free,,New,
Swift 5 | iOS 16 | MVVM Detail Course | No Storyboard | Free,University API Kullanarak MVVM Yapısının En Detaylı Halini Öğrenmek İstersen Sende Kursa Katıl,4.8,"Instructor:
Hakkı Can ŞENGÖNÜL",,8,All Levels,Free,,,
Sıfırdan Sass Öğrenelim,Web Programlama Öğrenelim,4.4,"Instructor:
Taner Saydam",s1,15,Beginner,Free,,,
Demo Odoo Enterprise 16,Odoo Enterprise 16 en acción!,4.2,"Instructor:
XP Solution",s1,12,All Levels,Free,,,
これならわかる！　Unity「超」入門講座／Unity 'super' introductory course,あなたもゲームクリエイターへの第一歩を踏み出そう！「Unityは難しいから…」と諦めかけていた人におススメ。難しい用語の解説から、ほぼプログラミング無しで3Dゲームを作ってみよう！,3.9,"Instructor:
SwitchOn! スイッチオン",,7,Beginner,Free,,,
C++ Programlama | Hastane Numaratör Modül,C++ Programlama Pratikleri #1,4.2,"Instructor:
Ümi̇t Yazar",,6,Intermediate,Free,,,
Aprenda programação Orientada à objetos com exemplos simples,Transforme sua maneira de programar,4.6,"Instructor:
Lucas Sillig",,5,All Levels,Free,,New,
"Introduction to Ugc net paper 1 , ( telugu ) .",ugc net paper 1 online course .,0.0,"Instructor:
Think Think Solutions 7 .",s1,7,Beginner,E£199.99,,,E£269.99
Building Great Habit Masterclass,The Powerful Secret to Success in Losing Weight,0.0,"Instructor:
McGlenn Darakan",s12,143,Intermediate,E£199.99,,,E£269.99
Tigolla the best game for lockdown (English Sub),Playing with children and siblings is one of life’s great joys to see someone you love smile and have a nice time.,0.0,"Instructor:
Ag Ourammou",,13,All Levels,E£199.99,,,E£269.99
30 Dae Ontdekkingsreis,"""Geloofsreis: Versterk jou bande met God en ontdek jou ware identiteit""",0.0,"Instructor:
Irene Stavast",1.5,33,All Levels,E£479.99,,,E£649.99
Nhiếp Ảnh Căn Bản,"nhiếp anh , căn bản, máy chup hình, chụp hình kỹ thuật số,",0.0,"Instructor:
Danny Nguyen",1.5,13,Beginner,E£199.99,,,E£269.99
Pytania rekrutacyjne z Java,Sprawdź swoją wiedzę z języka Java przygotowując się do rozmowy rekrutacyjnej dzięki testom z ponad 500 pytaniami,0.0,"Instructor:
Stack Roadmap",,,,E£629.99,,,E£849.99
Practice exams: 300-835 CLAUTO Automating and Programming Ci,300-835 CLAUTO Automating and Programming Cisco Collaboration Solutions v1.1,0.0,"Instructor:
Excelevate Courses",,,,E£579.99,,,E£779.99
إحترف الشّْكُبَّة التونسيَّة,تعلّم لعبة الشكبة التونسية من الصفر حتى الإحتراف و استمتع,0.0,"Instructor:
djalel eddine Abi",s1,8,All Levels,E£199.99,,,E£269.99
שפת C מתקדם,בקרוס זה נצלול לעומקים של שפת סי. ונגלה אלמנתים הייחודיים רק לה,0.0,"Instructor:
Omri Gigi",s3,21,Intermediate,E£199.99,,,E£269.99
دبلومة أساسيات صناعة الأسئلة الموضوعية,كورس صناعة أسئلة المطابقة والمزاوجة,0.0,"Instructor:
Salah Ahmed Fouad",s2,8,Intermediate,E£199.99,,,E£269.99
Úvod do robotiky,Naučte se základy robotiky a jak aplikovat teorii na situace v reálném světě,0.0,"Instructor:
Josef S",s3,19,Intermediate,E£229.99,,,
"""Mastering Dart: From Fundamentals to Advanced Techniques""","""Learn Dart Programming Language from Scratch and Build High-Quality Web and Mobile Applications"" in [ Arabic]",0.0,"Instructor:
Eslam Medhat",s4,30,All Levels,E£629.99,,,E£849.99
NuGet包：ValueConverters源码及示例详解,WPF中的值转换器,0.0,"Instructor:
Qingming Zhao",2.5,42,All Levels,E£629.99,,,E£849.99
Nhiếp Ảnh Ẩm Thực Căn Bản,"ẩm thực, nhiếp ảnh,điện thoai di đông,food, sản phẩm",0.0,"Instructor:
Danny Nguyen",1.5,20,Beginner,E£199.99,,,E£269.99
Programming Fundamentals with C++,C++ for Beginners,0.0,"Instructor:
Ashfaq Ahmed",3.5,30,All Levels,E£199.99,,,E£269.99
Career Development Course,Career Development Course,0.0,"Instructor:
Tarachand Jaisingpure",s1,7,All Levels,E£199.99,,,E£269.99
Web Development Practice tests,Want to appear for Web Development Certification Exam? These tests will help you to pass the exam,0.0,"Instructor:
Gorli Varalakshmi",,,,E£579.99,,New,E£779.99
Practice exams: 350-401 ENCOR - Implementing Cisco Enterpris,350-401 ENCOR - Implementing Cisco Enterprise Network Core Technologies,0.0,"Instructor:
Excelevate Courses",,,,E£579.99,,,E£779.99
Practice Exams: MB-300 Microsoft Dynamics 365 Core Finance a,MB-300 Microsoft Dynamics 365 Core Finance and Operations,0.0,"Instructor:
Excelevate Courses",,,,E£579.99,,New,E£779.99
C++ For Beginners [in Arabic],From Beginner to Beyond,0.0,"Instructor:
AMIT Learning",8.5,121,All Levels,E£749.99,,,E£999.99
Building Great Habits to Success,The Practical and Scientific Way of Losing Weight,0.0,"Instructor:
McGlenn Darakan",2.5,28,Beginner,E£199.99,,,E£269.99
Цигун: Антистресс,Простые упражнения Цигун для умиротворения и гармонии,0.0,"Instructor:
Эдвард Уолд",s2,8,Beginner,E£199.99,,,E£269.99
Practice exams: IBM Maximo Visual Inspection v8.3 Developer,IBM Maximo Visual Inspection v8.3 Developer Specialty,0.0,"Instructor:
Excelevate Courses",,,,E£199.99,,,E£779.99
Solved UGC NET NOV 2020 - Computer Science & Applications,Paper I & II,0.0,"Instructor:
Jasbir Singh",2.5,11,All Levels,E£199.99,,,E£269.99
洞悉3大商业模型，全面提升业务管理操盘能力,业务操盘手必修课,0.0,"Instructor:
三节课 sanjieke",6.5,24,Intermediate,E£199.99,,,E£729.99
Unity2023项目优化与上架,轻松学会Unity性能优化与上架到Google商店、IOS商店、Steam商城,0.0,"Instructor:
剑铭 官",7.5,40,All Levels,E£199.99,,New,E£849.99
Web в реальном времени с SignalR на ASP.NET часть 2,"Создайте свой чат для общения в реальном времени, на основе SignalR и ASP NET.",0.0,"Instructors:
Andrei Brizhak, Bhrugen Patel",4.5,48,Intermediate,E£199.99,,,E£849.99
"Program Dusz Bliźniacze Płomienie, Absolutna Miłość i Unia","Kompletny Kurs Audio o Miłości, Relacjach, Świadomości, Energii i Integrowaniu Duszy Na Drodze Bliźniaczych Płomieni.",0.0,"Instructor:
Dorota Zduńska",s12,26,All Levels,"E£1,599.99",,,
Nhiếp Ảnh Cơ Bản & Chỉnh sửa Ảnh với Lightroom Classic,"Photography, Lightroom Classic, Photo Editing, Lightroom",0.0,"Instructor:
Tú Thanh",s2,40,Beginner,E£199.99,,,E£269.99
HOTS puzzles of Maths! Boost your brain!,Thinking questions and Puzzles in Maths I Boost your Brain,0.0,"Instructor:
Vikas sharma",s1,18,All Levels,E£199.99,,,E£269.99
كيف تعمل برنامج صحي,اصنع برنامج التثقيف الصحي,0.0,"Instructor:
Dr. Abdulkareem Suhel Iblasi",4.5,11,Beginner,E£199.99,,,E£679.99
PixelArt анімація для вивчення растрової графіки,Навчання відбувається в онлайн редакторі PiskelApp,0.0,"Instructor:
Артем Гордєєв Дмитрович",2.5,7,Beginner,E£199.99,,,E£799.99
การเจรจาต่อรองในงานจัดซื้อ | Negotiation for Procurement,การเรียนรู้วิธี หลักการการเจรจาต่อรองที่ถูกต้อง จะช่วยให้คุณพัฒนาตัวเองได้เร็วและไกลยิ่งขึ้น,0.0,"Instructor:
Sahastaya Choamudom",1.5,22,All Levels,E£199.99,,,E£649.99
软件测试-让Bug无处可逃,了解软件测试和测试用例设计方法,0.0,"Instructor:
三节课 sanjieke",s3,11,Beginner,E£579.99,,,E£779.99
Trello tutorial,"Trello, Trello tutorials, Learning, Framework",0.0,"Instructor:
Rama College",,8,All Levels,E£199.99,,New,E£749.99
نصائح للمبتدئين إلى الاحترافية في تطوير ألعاب اليونيتي,إحترف اليونيتي بالنصائح وأتقن صناعة الألعاب كالمحترفين,0.0,"Instructor:
Ahmad Beituni",s1,53,All Levels,E£199.99,,,E£849.99
Unity2023-3D塔防游戏开发,从0开发丧失狂潮塔防游戏,0.0,"Instructor:
剑铭 官",3.5,19,Beginner,E£199.99,,,E£849.99
Membuat Game dengan Contruct2 dan Cordova,How to Making Game with Construct2 and Cordova,0.0,"Instructor:
Miftah Izharuddin",1.5,6,Beginner,E£229.99,,,
Determinanti [Clasa a XI-a],"Tot ce trebuie sa stii pentru a lua 10 la determinanti - la clasa, bac si admitere.",0.0,"Instructor:
Tiberiu Prunceac",8.5,59,All Levels,E£549.99,,,E£749.99
Działania na potęgach i pierwiastkach. Pewniaki maturalne,"Przygotuj się do kartkówek, sprawdzianów i matury z matematyki",0.0,"Instructor:
Ilona Bednarska",s4,43,Intermediate,E£199.99,,,E£269.99
PhotoFiltre le cours complet,Retouche et montage photo avec le logiciel PhotoFiltre Studio 11,0.0,"Instructor:
Nicolas Forgue",s12,94,All Levels,E£199.99,,New,E£719.99
Programowanie w języku C w pigułce,Programowanie w języku C od Podstaw do wielu zaawansowanych aspektów,0.0,"Instructor:
Edutago",6.5,115,All Levels,E£199.99,,,E£849.99
برنامج الأمين للمحاسبة والمستودعات,شرح تفصيلي,0.0,"Instructor:
egymasry website",3.5,19,Expert,E£199.99,,,E£269.99
CI CD Jenkins Pipeline 连续集成工具,CI CD Jenkins Pipeline 实战项目教程,0.0,"Instructor:
Victor CHEN",s2,16,All Levels,E£199.99,,,E£779.99
Siruri - Termenul General [Clasa a XI-a],"Tot ce trebuie sa stii pentru a lua 10 la siruri / termenul general - pentru clasa, bac si admitere.",0.0,"Instructor:
Tiberiu Prunceac",4.5,44,All Levels,E£199.99,,,E£269.99
acquerello creativo e materico,quattro dipinti ispirati alla natura realizzati modo astratto e materico,0.0,"Instructor:
Daria Ceppelli",2.5,18,Beginner,E£199.99,,,E£649.99
Unity ile Mini Projeler Geliştirin,Unity öğrenerek oyun sektöründe yerinizi alın,0.0,"Instructor:
Beyzanur Okudan",s3,20,Beginner,E£199.99,,New,E£779.99
Learn 3D Video Game Dev تعلم تصميم الالعاب بشكل غير تقليدي,تعلم 3دي موديل والتكتشر للمجسمات المستخدمة لألعاب الفيديو ثلاثية الأبعاد,0.0,"Instructor:
Waelthepro m",s11,134,All Levels,E£199.99,,,E£269.99
New Move Concept mit Andrea,Erlebe die Freiheit der Beweglichkeit - Bodyweight-Kurs für ein Leben voller Energie und Agilität! Nur 15 Minuten/Tag!,0.0,"Instructor:
Andrea Matuszefska",s4,16,Beginner,E£199.99,,New,E£269.99
Twórz gry 2D w Unity 2022,Wnieś swoje umiejętności na zaawansowany poziom!,0.0,"Instructors:
Videopoint Grupa Helion, Arkadiusz Brzegowy",4.5,19,Intermediate,E£199.99,,New,E£779.99
애자일 프로젝트 실무(입문),최근 조직 경영의 대세로 자리 잡은 애자일의 실천 원칙을 실무적으로 학습하고 직무 적응성을 극대화한다.,0.0,"Instructor:
현대C&R 하이인재원",10.5,158,All Levels,E£779.99,,,
Ottimizzazione Delle Performance Per REST API .NET,Analisi e miglioramento delle performance di un’applicazione REST API con tecnologia .NET,0.0,"Instructor:
Claudio Fabiani",1.5,12,Intermediate,E£199.99,,,E£269.99
Unity FPS 3D 遊戲設計入門,手把手帶你範例實作，你也能學會第一人稱射擊遊戲的功能設計！,0.0,"Instructor:
Idea 數位創意設計",s5,11,Beginner,E£419.99,,New,
『Unity 新手攻略–實力養成』,"帶你有效率的從 ""零基礎"" 開始，有系統的學習 Unity 課程，內容涵蓋 ""著色器與材質""、""光照系統""、""3D 物理效果""、""Animation 動畫系統""、""地形建立與環境設定""、""粒子系統""。",0.0,"Instructor:
Idea 數位創意設計",12.5,36,Beginner,E£319.99,,,
Ректификация – создание совершенного инструмента прогностики,Тайна человеческого рождения,0.0,"Instructor:
Vitaliy Vaisberg",23.5,10,Intermediate,E£199.99,,,E£269.99
C Language Advanced Course starting from the beginning,أكبر كورس في لغة السي أكثر من 30 ساعة ويضم محتوى كل الكورسات العربية والأجنبية من مستوى المتبدئين وحتى المستوى المتقدم,0.0,"Instructor:
Wail Monir",7.5,25,All Levels,"E£1,699.99",,New,
Poznaj Unity 2022,Projektuj gry 2D na poziomie podstawowym,0.0,"Instructors:
Videopoint Grupa Helion, Arkadiusz Brzegowy",11.5,45,Beginner,E£199.99,,,E£269.99
Flutter Hive,Научитесь работать с базой данных Hive,0.0,"Instructor:
ART PROGRAMS",s1,7,Beginner,E£199.99,,,E£269.99
Unity 3D: Aprenda como criar um jogo Roguelike do zero,Desenvolva seu primeiro jogo para PC e Mobile inspirado em Vampire Survivors!,0.0,"Instructor:
Lucas Lopes",s8,57,All Levels,E£199.99,,New,E£849.99
Construye tu Marca Personal utilizando tu Currículum,"Domina el arte de destacar en los procesos de selección, posiciónate en la mente de los reclutadores y consigue empleo.",0.0,"Instructors:
Eduardo Moroni, Rodrigo Krebs",2.5,37,Intermediate,E£199.99,,,E£269.99
Шахматы с нуля просто и весело,Нескучное обучение шахматам с самого начала,0.0,"Instructor:
Katerina Gushchina",2.5,23,Beginner,E£199.99,,,E£269.99
Net 6.0 + App Consolas + mongo db+linux+window,"Aprende net 6.0 + mongo db, programando tareas o procesos en segundo plano mientras construimos un proyecto de cero",0.0,"Instructor:
Hernan Arturo Cama Chamorro",s1,16,Intermediate,E£199.99,,,E£269.99
从零开始写出一手好字 （Writing Beautiful Characters Form Scratch）,"你学到的不止是书法，还是艺术。What you learn is not only calligraphy, but also art.",0.0,"Instructor:
记武 吕",13.5,30,Beginner,E£199.99,,,E£799.99
איך ללמוד ולאהוב תכנות,הקורס היחידי שבאמת מלמד אתכם ואתכן מה שצריך לדעת לפני שמתחילים ללמוד תכנות ומוצאים עבודה בהיטק,0.0,"Instructor:
Shefy Gur-Ary",s5,19,Beginner,E£629.99,,New,E£849.99
Aprende como crear una API Rest con .NET y MongoDB,Aprende como crear tus propia Web API con .NET y diseña tu base de datos no relacional con MongoDB,0.0,"Instructor:
JAP Software",5.5,36,Beginner,E£199.99,,New,E£849.99
Introdução ao Desenvolvimento de Jogos Digitais com Unity3D,Desenvolvimento de jogos,0.0,"Instructor:
Tiago Pereira Remédio",38.5,124,Beginner,E£199.99,,New,E£779.99
Learn C from scratch,C Programming for beginners,0.0,"Instructor:
Divya Pundhir",s5,9,Beginner,E£199.99,,,E£849.99
나만의 게임 만들면서 배우는 파이썬,이 클래스에서는 내게 꼭 필요한 부분만을 쏙쏙 뽑아서 공부할 겁니다.,0.0,"Instructor:
daniel jeon",s2,19,Beginner,E£199.99,,,E£269.99
Unity ile sıfırdan 2 adet oyun | Throwing Knife | Rolly Up,Birbirinden güzel 2 oyunu sıfırdan beraber yapıyoruz. Yaptığımız mekanikler ile istediğiniz kadar oyun üretebilirsiniz.,0.0,"Instructor:
Olcay kalyoncuoğlu",8.5,35,Intermediate,E£229.99,,New,
Boosts Up เซต คณิตศาสตร์ ม.ปลาย,เซต คณิตศาสตร์ ม.ปลาย,0.0,"Instructor:
Jakris Surassawadee",5.5,6,All Levels,E£199.99,,,E£269.99
Unity ile 2 oyun | Direct The Cargo | Collect The Food,Birbirinden güzel 2 oyunu sıfırdan beraber yapıyoruz. Yaptığımız mekanikler ile istediğiniz kadar oyun üretebilirsiniz.,0.0,"Instructor:
Olcay kalyoncuoğlu",s7,31,Intermediate,E£229.99,,New,
CREANDO UN JUEGO 2D EN GODOT 4.1,Desarrollando juegos en Godot Engine 4.1,0.0,"Instructor:
Miguel Torres",8.5,49,All Levels,E£199.99,,,E£849.99
Orientación profesional: ¿por qué está cambiando todo tanto?,Conoce todos los cambios que están haciendo que la orientación tradicional ya no funcione,0.0,"Instructor:
Elena Ibáñez",,5,Beginner,E£229.99,,,
Le Cloud Azure: Maîtriser les déploiements par la pratique,Devenez un Professionnel dans le Déploiement d'Application Cloud Azure - Etude de Cas- ASP.NET,0.0,"Instructor:
Geek- Technology",s6,36,All Levels,E£199.99,,New,E£779.99
cours Réalité virtuelle et Réalité augmenté,"Réalité virtuelle, Réalité augmenté",0.0,"Instructor:
Bilal Belli",,11,Beginner,E£199.99,,New,E£779.99
Rebranding Class,Rebranding Class adalah kelas online bagaimana cara menyediakan dan menjual produk digital tanpa harus membuat dari Nol.,0.0,"Instructor:
Aroma Firdaus Putra",s5,18,Beginner,E£199.99,,,E£269.99
Programación avanzada con Visual Basic .NET,"Aprende Visual Basic NET super avanzado, crea aplicaciones de escritorio profesionales",0.0,"Instructor:
Geurys Milciades Novas Pozo",1.5,8,Expert,E£199.99,,,E£269.99
Unity ile sıfırdan 2 adet oyun | Mega Cube | Tidy Tower,2 oyunu sıfırdan beraber yapıyoruz. Yaptığımız mekanikler ile istediğiniz kadar farklı oyun üretebilirsiniz.,0.0,"Instructor:
Olcay kalyoncuoğlu",s6,29,Intermediate,E£229.99,,New,
Como iniciar mudanças nas empresas,Aplique as ferramenta de Difusão de Inovação e Círculo de Ouro na sua empresa,0.0,"Instructors:
Empresa com Alma / Company with Soul, Gabriel Gomes Barros",1.5,18,Beginner,E£199.99,,,E£269.99
หลักพื้นฐานคณิตศาสตร์ที่ต้องรู้,รวบรวมเนื้อหาคณิตศาสตร์ที่ต้องรู้และคิดให้เป็นสำหรับผู้เริ่มต้น,0.0,"Instructor:
Chaichana Khansakhon",s8,72,All Levels,E£199.99,,New,E£749.99
Introdução à Empresa Humanizada,Encontre novos indicadores e leve humanização para a sua empresa,0.0,"Instructors:
Empresa com Alma / Company with Soul, Gabriel Gomes Barros",s1,12,Beginner,E£199.99,,,E£269.99
Aprende a crear un juego Multiplayer con Photon y Unity,Un Viaje al Mundo de los Videojuegos Multijugador con Unity,0.0,"Instructor:
Emerson Yerson Jara Gamarra",s12,32,Intermediate,E£719.99,,New,
INDO ALÉM DO UNITY,UNITY MAIS ARDUINO,0.0,"Instructor:
Renan de Lima Lira",5.5,25,Beginner,E£199.99,,,E£779.99
Blazor Fundamentals with VS 2022,"In this course, you will learn the fundamentals of Blazor, making small applications for each concept learned.",0.0,"Instructor:
Héctor Uriel Pérez",5.5,64,All Levels,E£629.99,,,E£849.99
Agile Software Design,Design de software usando tecnicas Agile,0.0,"Instructor:
Blue EdTech Blue EdTech",2.5,20,Beginner,E£519.99,,,
Music Player Stream App Xamarin FormsAndroid,Aplicativo de música,0.0,"Instructor:
Welken Charlois Goncalves",s2,16,Intermediate,E£199.99,,,E£269.99
Lerne Programmieren: 7-Tage-Challenge für Python-Anfänger!,"Du verstehst die Theorie, aber es fehlt dir noch an Praxis? Vertiefe deine Python-Kenntnisse mit gezielten Übungen!",0.0,"Instructor:
Code With Sarah",1.5,20,Beginner,E£629.99,,,E£849.99
Montaña Rusa Creativa: Diseño de Niveles,Level designer,0.0,"Instructor:
Irene Barbé Marina Barbé",s1,23,All Levels,E£199.99,,New,E£799.99
Unity + krita: a bíblia,"Construa um game comercial com milhares de desenhos, personagens, animações, mundo 3D imenso com + 100 horas de jogo.",0.0,"Instructor:
João Lázaro Brito Dias",s144,292,All Levels,E£199.99,,New,E£849.99
Wenn Kinder Fragen über den Tod stellen,Trauer begleiten bei Kindern,0.0,"Instructor:
Eleni Krautz",s2,15,Beginner,E£199.99,,New,E£649.99
Fundamentos de programación con .Net Framework,Fundamentos de programación con .Net Framework,0.0,"Instructor:
Carlos Matias",s1,5,Beginner,E£229.99,,New,
初心者向けUnityでARアプリ開発（ios向け）,Unityを用いてios向けのARアプリを制作します。,0.0,"Instructor:
aya ika",1.5,11,Beginner,E£579.99,,,E£779.99
Unity ゲーム開発講座〜Unityを通して、0からC#を学んで、どんなゲームも作れるプログラマーになろう〜,ゲーム開発を通して、プログラミングの基礎を身につけ、アニメーション、エンジニアリング、建築、Vr開発などのさまざまな分野に応用をしていく力を養っていきます。,0.0,"Instructor:
Seiji Shikinami",s1,31,All Levels,E£579.99,,,E£779.99
Automapper Ve FluentValidation İle Api Geliştirme (Net6 İle),Proje İçerisinde Data Transformation Object(DTO) İçin Automapper Ve FluentValidation Kullanımı Api İle Gösterilecektir.,0.0,"Instructor:
Fayik Veznedaroğlu",s2,16,Beginner,E£199.99,,,E£269.99
C Programlama Kursu - Sıfırdan Zirveye Özel Ders Tadında,Özel ders tadında C Programlama Eğitimi | Piyasanın en iddialı C Programlama eğitimi ile C Öğrenmenin tadını çıkarın!,0.0,"Instructor:
Görkemli Yazılım",s10,81,Beginner,E£199.99,,New,E£849.99
MedAT Physik für den BMS 2024,... mit allen Themen der Stichpunktliste und testnahen Aufgaben!,0.0,"Instructor:
Ramona Reinhart",s11,9,All Levels,E£529.99,,,
Curso Web Development con Python,Web Development con Python,0.0,"Instructor:
Josh Blank Hall",s6,8,All Levels,E£199.99,,New,E£779.99
Curso de Inteligência Artificial para a Unity,Aprenda de forma rápida e na prática de como aplicar a Inteligência Artificial em projetos da Unity.,0.0,"Instructor:
Agência Casa Mais Inovação Digital e Imersiva",2.5,6,Intermediate,E£199.99,,,E£269.99
Godot 4: Crie seu primeiro jogo na Godot usando GDScript,"Aprenda a desenvolver um jogo completo, do início ao fim, utilizando a Godot 4 e a linguagem de programação GDScript!",0.0,"Instructor:
Gabriel Chiarelli",8.5,39,Beginner,E£199.99,,New,E£849.99
La ley crea y crece de facturación electrónica.,Conozca las claves de la nueva ley crea y crece sobre factura electrónica que democratiza la factura electrónica.,0.0,"Instructor:
Luis Vilanova",s2,5,All Levels,E£549.99,,,E£729.99
Domina Azure Bicep: Guía Completa y Práctica,"Aprende Azure Bicep: Creación de Plantillas, Módulos y Gestión Avanzada de Recursos",0.0,"Instructor:
Héctor Uriel Pérez",2.5,47,All Levels,E£199.99,,,E£269.99
Sıfırdan Construct 2 Öğren 2D Oyun Yap Para Kazan,Construct 2 İle 2D Oyun Yap Para Kazan,0.0,"Instructor:
Yiğit Büyük",s1,22,Beginner,E£199.99,,New,E£849.99
Desenvolvimento de Games 2D e 3D,"Explorando o Mundo dos Jogos: Dominando Desenvolvimento 2D e 3D com Unity, Unreal Engine e Construct 2.",0.0,"Instructor:
Faculdade VINCIT",s12,38,Intermediate,E£199.99,,,E£779.99
Python ile Kodlamayı Öğrenmek,Temel Konseptlerden Nesne Yönelimli Programlamaya Kapsamlı Bir Başlangıç Rehberi,0.0,"Instructor:
Mehmet Ozan Güven",s8,75,All Levels,E£199.99,,,E£849.99
Unity + ステートマシン + XBoxコントローラー : わんちゃんでも分かる！初めてのAI + 3Dゲーム開発,"Unity, Playmaker, Behavior Designer, Movement Pack, ステートマシン, AI開発, 3Dゲーム開発、わんちゃん, 猫ちゃん",0.0,"Instructor:
Takanari Katano",s3,28,Beginner,E£199.99,,,E£269.99
sistema de tramite documentacion php mysql codigo,codigo sistema de tramite documentacion php mysql,0.0,"Instructor:
tusolutionweb tutos dev",,5,Beginner,E£199.99,,,E£779.99
sistema de venta de pasajes en php mysql codigo fuente,codigo fuente sistema de venta de pasajes en php mysql,0.0,"Instructor:
tusolutionweb tutos dev",,5,Beginner,E£199.99,,,E£849.99
Diseño Responsive con Bootstrap,Aplicacion con Bootstrap,0.0,"Instructor:
Carlos Matias",s1,4,Beginner,E£229.99,,New,
Informática para Provas e Concursos - Prof. Raul Alves,concurso público e certames,0.0,"Instructor:
Raul Alves",s2,5,Beginner,E£199.99,,New,E£749.99
[python/typescript/javascript]プログラミング環境構築徹底解説,Node.jsやPythonの環境構築を解説します。,0.0,"Instructor:
Joe Suzuki",6.5,64,Beginner,E£199.99,,New,E£779.99
"Curso basico de armado para Drone Digital 2.5""",Drones digitales FPV,0.0,"Instructor:
Samo FPV",,9,Intermediate,E£199.99,,,E£269.99
B2B Satış Eğitimi: Satış Stratejisi Geliştirme ve Yönetme,"B2B Satışın ne olduğu, neden önemli olduğunu ve nasıl yapılıp yönetileceğini efektif bir anlatımla öğrenin.",0.0,"Instructor:
Six Sigma Academy İstanbul",s1,17,All Levels,E£199.99,,New,E£729.99
Base de Datos con SQL SERVER - Nivel Intermedio,Comandos para SQL SERVER,0.0,"Instructor:
Carlos Matias",,5,Beginner,E£229.99,,New,
Aplicativo de Fotos que Compartilham no Xamarin FormsAndroid,aplicativo de fotos que compartilham,0.0,"Instructor:
Welken Charlois Goncalves",s2,11,Intermediate,E£199.99,,,E£269.99
Türk İşaret Dili Tercümanlık Eğitimi,"Tercümanlık ile ilgili bütün konular , gramer yapısı",0.0,"Instructor:
TUĞBA GÜRKAN",s1,9,All Levels,E£479.99,,,E£649.99
脱初心者！Scratchで本格シューティングゲームをつくろう,自分の作りたい、が作れるようになる,0.0,"Instructor:
倉持 賢一",4.5,21,Intermediate,E£199.99,,,E£269.99
Ertelemekten Kurtulmak,"Ertelemek, ertelemeden kurtulmak, mükemmeliyetçilik hastalığı,erteleme bağımlılığı",0.0,"Instructor:
Murat Sarı",s1,34,All Levels,E£199.99,,,E£269.99
Juizados Especiais Cíveis Estaduais na Prática,Aprenda a atuar nos Juizados Especiais Cíveis Estaduais na prática do absoluto zero em tempo recorde.,0.0,"Instructor:
Israel Dos Anjos Andrade",7.5,25,All Levels,E£199.99,,,E£749.99
Modelagem e Projeto de Banco de Dados Relacionais,Aprendendo sobre Gerenciamento de Dados,0.0,"Instructor:
Faculdade VINCIT",s6,16,Beginner,E£199.99,,New,E£779.99
Almanya için Marka ve Patent Eğitimi,Aynızamanda Amazon'da Satış Yapmak İsteyenler İçin Olmazsa Olmaz Bilgiler,0.0,"Instructor:
Selim Dursun",s1,9,All Levels,E£229.99,,,
